{
  "type": "FeatureCollection",
  "features": [
    {
      "type": "Feature",
      "properties": {
        "NAME": "1235_1239",
        "name": "충주",
        "color": "#ef4444",
        "fill": "#ef4444",
        "fill-opacity": 0.5,
        "stroke": "#ef4444",
        "stroke-width": 2,
        "originalType": "polyline"
      },
      "geometry": {
        "type": "Polygon",
        "coordinates": [
          [
            [
              116.34275510424645,
              39.94080502173511
            ],
            [
              116.3866879307591,
              39.99132992214121
            ],
            [
              116.47455358378444,
              40.04181747628011
            ],
            [
              116.51848641029713,
              40.075455092062164
            ],
            [
              116.60635206332248,
              40.12588037677738
            ],
            [
              116.71618412960414,
              40.19305594603664
            ],
            [
              116.82601619588586,
              40.260165041011604
            ],
            [
              116.91388184891115,
              40.32720763550786
            ],
            [
              117.02371391519289,
              40.36070398699751
            ],
            [
              117.17747880798721,
              40.44437208170518
            ],
            [
              117.28731087426888,
              40.52793616002946
            ],
            [
              117.39714294055055,
              40.594712498459174
            ],
            [
              117.52894142008859,
              40.62807568456925
            ],
            [
              117.57287424660127,
              40.6780892264205
            ],
            [
              117.72663913939562,
              40.744715623700316
            ],
            [
              117.96826968521529,
              40.86115135929024
            ],
            [
              118.12203457800965,
              40.94419465127408
            ],
            [
              118.31973229731669,
              41.01055419697701
            ],
            [
              118.4295643635984,
              41.06028004061337
            ],
            [
              118.49546360336738,
              41.09340973339073
            ],
            [
              118.58332925639273,
              41.126522727342575
            ],
            [
              118.67119490941808,
              41.176160902209794
            ],
            [
              118.7590605624434,
              41.192698608244
            ],
            [
              118.82495980221242,
              41.22576148998973
            ],
            [
              118.84692621546874,
              41.25880766250221
            ],
            [
              118.93479186849409,
              41.27532448200035
            ],
            [
              118.95675828175045,
              41.30834558590211
            ],
            [
              119.02265752151943,
              41.32484986967877
            ],
            [
              119.11052317454478,
              41.374337644581026
            ],
            [
              119.1324895878011,
              41.3908252097114
            ],
            [
              119.17642241431379,
              41.3908252097114
            ],
            [
              119.2423216540828,
              41.40730859441301
            ],
            [
              119.30822089385182,
              41.440262821315535
            ],
            [
              119.4180529601335,
              41.45673366291291
            ],
            [
              119.46198578664618,
              41.45673366291291
            ],
            [
              119.46198578664618,
              41.47320032287449
            ],
            [
              119.48395219990249,
              41.47320032287449
            ],
            [
              119.50591861315884,
              41.47320032287449
            ],
            [
              119.57181785292784,
              41.47320032287449
            ],
            [
              119.59378426618419,
              41.47320032287449
            ],
            [
              119.6816499192095,
              41.47320032287449
            ],
            [
              119.79148198549122,
              41.47320032287449
            ],
            [
              119.87934763851652,
              41.47320032287449
            ],
            [
              119.98917970479823,
              41.47320032287449
            ],
            [
              120.14294459759257,
              41.47320032287449
            ],
            [
              120.23081025061794,
              41.47320032287449
            ],
            [
              120.3406423168996,
              41.47320032287449
            ],
            [
              120.42850796992495,
              41.47320032287449
            ],
            [
              120.56030644946298,
              41.47320032287449
            ],
            [
              120.69210492900098,
              41.47320032287449
            ],
            [
              120.86783623505168,
              41.47320032287449
            ],
            [
              120.95570188807703,
              41.47320032287449
            ],
            [
              120.97766830133335,
              41.47320032287449
            ],
            [
              121.0655339543587,
              41.47320032287449
            ],
            [
              121.19733243389672,
              41.47320032287449
            ],
            [
              121.35109732669109,
              41.47320032287449
            ],
            [
              121.4828958062291,
              41.47320032287449
            ],
            [
              121.57076145925441,
              41.45673366291291
            ],
            [
              121.59272787251078,
              41.45673366291291
            ],
            [
              121.65862711227976,
              41.45673366291291
            ],
            [
              121.68059352553612,
              41.440262821315535
            ],
            [
              121.76845917856147,
              41.42378779838187
            ],
            [
              121.85632483158678,
              41.42378779838187
            ],
            [
              121.96615689786849,
              41.3908252097114
            ],
            [
              122.03205613763748,
              41.374337644581026
            ],
            [
              122.05402255089382,
              41.35784589932731
            ],
            [
              122.1638546171755,
              41.34134997425709
            ],
            [
              122.20778744368819,
              41.34134997425709
            ],
            [
              122.2736866834572,
              41.32484986967877
            ],
            [
              122.29565309671351,
              41.32484986967877
            ],
            [
              122.31761950996986,
              41.30834558590211
            ],
            [
              122.33958592322618,
              41.27532448200035
            ],
            [
              122.4494179895079,
              41.27532448200035
            ],
            [
              122.47138440276422,
              41.25880766250221
            ],
            [
              122.49335081602052,
              41.242286665059595
            ],
            [
              122.51531722927689,
              41.22576148998973
            ],
            [
              122.58121646904588,
              41.209232137611146
            ],
            [
              122.62514929555856,
              41.176160902209794
            ],
            [
              122.69104853532754,
              41.15961901983155
            ],
            [
              122.80088060160925,
              41.14307296143384
            ],
            [
              122.82284701486557,
              41.109968317885205
            ],
            [
              122.84481342812194,
              41.109968317885205
            ],
            [
              122.86677984137826,
              41.09340973339073
            ],
            [
              122.91071266789092,
              41.076846974189486
            ],
            [
              122.95464549440361,
              41.04370893299579
            ],
            [
              122.99857832091627,
              41.04370893299579
            ],
            [
              123.06447756068528,
              41.01055419697701
            ],
            [
              123.19627604022331,
              40.96079079605695
            ],
            [
              123.240208866736,
              40.96079079605695
            ],
            [
              123.28414169324866,
              40.94419465127408
            ],
            [
              123.35004093301765,
              40.927594334824754
            ],
            [
              123.41594017278665,
              40.89438118830927
            ],
            [
              123.45987299929932,
              40.87776835893802
            ],
            [
              123.52577223906836,
              40.86115135929024
            ],
            [
              123.56970506558103,
              40.827904850571244
            ],
            [
              123.6136378920937,
              40.827904850571244
            ],
            [
              123.70150354511902,
              40.811275342206905
            ],
            [
              123.78936919814437,
              40.744715623700316
            ],
            [
              123.96510050419506,
              40.694752075603105
            ],
            [
              124.03099974396407,
              40.6780892264205
            ],
            [
              124.0968989837331,
              40.644751030533676
            ],
            [
              124.16279822350211,
              40.611396173753185
            ],
            [
              124.25066387652745,
              40.57802465906234
            ],
            [
              124.36049594280912,
              40.54463648946857
            ],
            [
              124.40442876932178,
              40.511231668003305
            ],
            [
              124.47032800909079,
              40.47781019772223
            ],
            [
              124.55819366211614,
              40.44437208170518
            ],
            [
              124.5801600753725,
              40.42764678251473
            ],
            [
              124.62409290188513,
              40.42764678251473
            ],
            [
              124.68999214165416,
              40.41091732305618
            ],
            [
              124.73392496816685,
              40.3774459249035
            ],
            [
              124.77785779467952,
              40.36070398699751
            ],
            [
              124.82179062119219,
              40.34395789039967
            ],
            [
              124.9096562742175,
              40.31045322272152
            ],
            [
              124.93162268747386,
              40.29369465244147
            ],
            [
              124.95358910073018,
              40.29369465244147
            ],
            [
              124.95358910073018,
              40.27693192507017
            ],
            [
              124.99752192724284,
              40.2433940006712
            ],
            [
              125.01948834049921,
              40.2433940006712
            ],
            [
              125.04145475375553,
              40.19305594603664
            ],
            [
              125.08538758026822,
              40.17626828465417
            ],
            [
              125.08538758026822,
              40.1594764690401
            ],
            [
              125.1293204067809,
              40.14268049960912
            ],
            [
              125.1512868200372,
              40.10907610096257
            ],
            [
              125.19521964654989,
              40.075455092062164
            ],
            [
              125.21718605980625,
              40.058638359819625
            ],
            [
              125.26111888631891,
              40.04181747628011
            ],
            [
              125.28308529957523,
              40.02499244186904
            ],
            [
              125.28308529957523,
              39.974492437682905
            ],
            [
              125.32701812608792,
              39.92395509111325
            ],
            [
              125.34898453934423,
              39.90710101264041
            ],
            [
              125.34898453934423,
              39.89024278675432
            ],
            [
              125.37095095260058,
              39.85651389450074
            ],
            [
              125.3929173658569,
              39.82276841788488
            ],
            [
              125.41488377911327,
              39.805889461551736
            ],
            [
              125.41488377911327,
              39.789006360463794
            ],
            [
              125.43685019236958,
              39.7721191150697
            ],
            [
              125.45881660562593,
              39.7552277258194
            ],
            [
              125.48078301888225,
              39.72143251755834
            ],
            [
              125.48078301888225,
              39.70452869945544
            ],
            [
              125.50274943213861,
              39.67070863758618
            ],
            [
              125.50274943213861,
              39.653792394737046
            ],
            [
              125.52471584539492,
              39.636872011225655
            ],
            [
              125.52471584539492,
              39.6030188240675
            ],
            [
              125.52471584539492,
              39.586086021350425
            ],
            [
              125.52471584539492,
              39.56914907983037
            ],
            [
              125.54668225865124,
              39.56914907983037
            ],
            [
              125.56864867190761,
              39.55220799997607
            ],
            [
              125.56864867190761,
              39.518313427147454
            ],
            [
              125.61258149842028,
              39.50135993511841
            ],
            [
              125.61258149842028,
              39.48440230664566
            ],
            [
              125.61258149842028,
              39.45047464227677
            ],
            [
              125.61258149842028,
              39.43350460733839
            ],
            [
              125.61258149842028,
              39.38256969728732
            ],
            [
              125.61258149842028,
              39.36558312713958
            ],
            [
              125.63454791167659,
              39.34859242440436
            ],
            [
              125.63454791167659,
              39.31459862312953
            ],
            [
              125.65651432493296,
              39.31459862312953
            ],
            [
              125.67848073818928,
              39.297595525572746
            ],
            [
              125.67848073818928,
              39.28058829739439
            ],
            [
              125.67848073818928,
              39.26357693908975
            ],
            [
              125.67848073818928,
              39.24656145115587
            ],
            [
              125.67848073818928,
              39.22954183409122
            ],
            [
              125.67848073818928,
              39.212518088395996
            ],
            [
              125.67848073818928,
              39.195490214571855
            ],
            [
              125.70044715144563,
              39.17845821312206
            ],
            [
              125.70044715144563,
              39.16142208455154
            ],
            [
              125.72241356470194,
              39.12733744807564
            ],
            [
              125.72241356470194,
              39.11028894118786
            ],
            [
              125.72241356470194,
              39.093236309214625
            ],
            [
              125.72241356470194,
              39.0761795526687
            ],
            [
              125.74437997795826,
              39.0761795526687
            ],
            [
              125.74437997795826,
              39.05911867206442
            ],
            [
              125.74437997795826,
              39.04205366791782
            ],
            [
              125.74437997795826,
              39.02498454074638
            ],
            [
              125.74290261957009,
              39.03987709641071
            ],
            [
              125.74839422288419,
              39.031342785279385
            ],
            [
              125.74839422288419,
              39.01427107105719
            ],
            [
              125.77036063614052,
              38.98011527659718
            ],
            [
              125.78134384276866,
              38.94594299760243
            ],
            [
              125.80331025602503,
              38.91175423827849
            ],
            [
              125.80880185933913,
              38.88182555817556
            ],
            [
              125.81978506596727,
              38.86471779269707
            ],
            [
              125.82527666928135,
              38.839048424221524
            ],
            [
              125.8417514792236,
              38.813369793045425
            ],
            [
              125.85822628916584,
              38.791963859368806
            ],
            [
              125.86371789247993,
              38.76198474986886
            ],
            [
              125.86371789247993,
              38.74056338570232
            ],
            [
              125.87470109910811,
              38.72770748190393
            ],
            [
              125.88568430573629,
              38.70198873346284
            ],
            [
              125.89666751236443,
              38.684837760545996
            ],
            [
              125.90765071899261,
              38.659103591613835
            ],
            [
              125.92961713224896,
              38.62906870392695
            ],
            [
              125.9460919421912,
              38.607607506196594
            ],
            [
              125.95158354550529,
              38.59043392493349
            ],
            [
              125.96256675213347,
              38.57325623487327
            ],
            [
              125.97354995876164,
              38.5560744365772
            ],
            [
              125.97904156207568,
              38.53459141235834
            ],
            [
              125.98453316538979,
              38.52169851753117
            ],
            [
              125.99551637201797,
              38.50880331277404
            ],
            [
              126.00100797533204,
              38.5002052264264
            ],
            [
              126.00649957864614,
              38.48730617231836
            ],
            [
              126.02297438858837,
              38.47010384131994
            ],
            [
              126.03944919853063,
              38.452897405487626
            ],
            [
              126.04494080184473,
              38.43568686539409
            ],
            [
              126.05043240515882,
              38.4227762672479
            ],
            [
              126.06141561178697,
              38.40986336102061
            ],
            [
              126.06690721510103,
              38.401253474722004
            ],
            [
              126.07789042172922,
              38.38833672223399
            ],
            [
              126.08338202504332,
              38.379724271987456
            ],
            [
              126.08887362835739,
              38.366803673917154
            ],
            [
              126.09985683498554,
              38.35388076882406
            ],
            [
              126.11084004161371,
              38.340955556953844
            ],
            [
              126.12182324824191,
              38.33664664042247
            ],
            [
              126.127314851556,
              38.32802803855257
            ],
            [
              126.13829805818412,
              38.310787759840004
            ],
            [
              126.1437896614982,
              38.302166083143874
            ],
            [
              126.1547728681264,
              38.289231646631244
            ],
            [
              126.16575607475457,
              38.28060740808445
            ],
            [
              126.1822308846968,
              38.26766912914083
            ],
            [
              126.19321409132499,
              38.25472854507051
            ],
            [
              126.19870569463907,
              38.24610020852089
            ],
            [
              126.2151805045813,
              38.24178565612301
            ],
            [
              126.22067210789541,
              38.228840462548405
            ],
            [
              126.23714691783766,
              38.21589296459723
            ],
            [
              126.25362172777993,
              38.19862604984395
            ],
            [
              126.27009653772215,
              38.1856731759915
            ],
            [
              126.27558814103624,
              38.17703664699783
            ],
            [
              126.28107974435035,
              38.16407993405643
            ],
            [
              126.29755455429256,
              38.15544084590432
            ],
            [
              126.30304615760664,
              38.142480294577204
            ],
            [
              126.31402936423481,
              38.12951744055717
            ],
            [
              126.33050417417711,
              38.116552284098724
            ],
            [
              126.34148738080523,
              38.10790756745328
            ],
            [
              126.35247058743342,
              38.10358482545696
            ],
            [
              126.36345379406158,
              38.08629129986892
            ],
            [
              126.37443700068978,
              38.07331847046069
            ],
            [
              126.39091181063199,
              38.06466863898965
            ],
            [
              126.40738662057427,
              38.06034333972302
            ],
            [
              126.41287822388836,
              38.05169197417522
            ],
            [
              126.42386143051651,
              38.04736590791314
            ],
            [
              126.43484463714468,
              38.03871300846038
            ],
            [
              126.45131944708693,
              38.0257317421033
            ],
            [
              126.456811050401,
              38.01707628652502
            ],
            [
              126.47328586034325,
              38.00841980863082
            ],
            [
              126.48426906697145,
              37.99976230849755
            ],
            [
              126.50074387691367,
              37.995433175115295
            ],
            [
              126.51721868685594,
              37.986774141767775
            ],
            [
              126.52820189348414,
              37.969453009010614
            ],
            [
              126.53918510011226,
              37.9564594769427
            ],
            [
              126.55016830674043,
              37.94779584499503
            ],
            [
              126.5721347199968,
              37.930465516083025
            ],
            [
              126.58311792662494,
              37.921798819274215
            ],
            [
              126.5995927365672,
              37.908796858839004
            ],
            [
              126.60508433988129,
              37.90012760851464
            ],
            [
              126.62705075313761,
              37.87411373023753
            ],
            [
              126.63803395976579,
              37.861103344975376
            ],
            [
              126.65450876970806,
              37.856766039416584
            ],
            [
              126.6654919763362,
              37.848090662650954
            ],
            [
              126.67647518296437,
              37.83941426508685
            ],
            [
              126.68196678627847,
              37.826397754916194
            ],
            [
              126.69294999290663,
              37.81771880570127
            ],
            [
              126.70393319953479,
              37.8090388359644
            ],
            [
              126.72040800947705,
              37.796016968053785
            ],
            [
              126.72589961279115,
              37.787334447358944
            ],
            [
              126.73688281941932,
              37.78299280441499
            ],
            [
              126.74786602604746,
              37.77430875338369
            ],
            [
              126.75884923267564,
              37.76562368222767
            ],
            [
              126.77532404261792,
              37.74825047986048
            ],
            [
              126.78081564593197,
              37.73087319795265
            ],
            [
              126.79179885256013,
              37.7265282401225
            ],
            [
              126.80278205918833,
              37.71349183714498
            ],
            [
              126.8082736625024,
              37.700453140147765
            ],
            [
              126.83024007575872,
              37.687412149402455
            ],
            [
              126.83573167907281,
              37.67436886518129
            ],
            [
              126.84671488570099,
              37.665672068348606
            ],
            [
              126.85220648901507,
              37.65262496227401
            ],
            [
              126.86318969564321,
              37.643925617792135
            ],
            [
              126.8741729022714,
              37.635225254392594
            ],
            [
              126.8796645055855,
              37.62652387215666
            ],
            [
              126.88515610889958,
              37.617821471165776
            ],
            [
              126.89613931552775,
              37.609118051501426
            ],
            [
              126.91261412546999,
              37.60476595969219
            ],
            [
              126.92908893541225,
              37.59606101217066
            ],
            [
              126.94007214204039,
              37.58735504617992
            ],
            [
              126.95105534866856,
              37.583001681284166
            ],
            [
              126.96203855529676,
              37.574294187743064
            ],
            [
              126.97302176192493,
              37.56994005911824
            ],
            [
              126.99872895395349,
              37.56600088357642
            ],
            [
              127.02069536720984,
              37.55293627961176
            ],
            [
              127.04815338378023,
              37.54858090257841
            ],
            [
              127.08659460697884,
              37.54640311862157
            ],
            [
              127.13601903680558,
              37.53986938500581
            ],
            [
              127.17720606166124,
              37.53551324448718
            ],
            [
              127.20740987988867,
              37.53115684949402
            ],
            [
              127.23486789645908,
              37.52680020003674
            ],
            [
              127.26507171468658,
              37.524621779887234
            ],
            [
              127.29802133457106,
              37.522443296125594
            ],
            [
              127.32547935114148,
              37.520264748753064
            ],
            [
              127.36392057434006,
              37.51372872498315
            ],
            [
              127.39137859091048,
              37.51154992318004
            ],
            [
              127.42707401245205,
              37.50283407993649
            ],
            [
              127.44354882239428,
              37.50065496012427
            ],
            [
              127.4627694339936,
              37.49629652970736
            ],
            [
              127.48473584724991,
              37.49629652970736
            ],
            [
              127.50395645884923,
              37.49629652970736
            ],
            [
              127.51768546713441,
              37.49193784490907
            ],
            [
              127.53416027707668,
              37.48975840712013
            ],
            [
              127.55887249199004,
              37.48975840712013
            ],
            [
              127.57260150027525,
              37.48757890573979
            ],
            [
              127.5890763102175,
              37.48539934076927
            ],
            [
              127.60555112015977,
              37.483219712209895
            ],
            [
              127.62751753341612,
              37.48104002006296
            ],
            [
              127.66046715330062,
              37.476680445011674
            ],
            [
              127.68243356655692,
              37.470140605560594
            ],
            [
              127.69341677318512,
              37.46796053191567
            ],
            [
              127.70439997981329,
              37.45923960156449
            ],
            [
              127.71812898809848,
              37.45487875494428
            ],
            [
              127.74284120301186,
              37.43961378936734
            ],
            [
              127.7593160129541,
              37.430889553513445
            ],
            [
              127.77304502123933,
              37.42652705424377
            ],
            [
              127.78677402952455,
              37.42216430075953
            ],
            [
              127.80050303780973,
              37.41561969390392
            ],
            [
              127.80874044278087,
              37.409074515124615
            ],
            [
              127.8224694510661,
              37.40471074488719
            ],
            [
              127.8307068560372,
              37.3959824419367
            ],
            [
              127.83894426100831,
              37.3850706337153
            ],
            [
              127.84718166597945,
              37.37415723727723
            ],
            [
              127.85267326929356,
              37.36760843713892
            ],
            [
              127.86091067426467,
              37.35014217540331
            ],
            [
              127.86914807923581,
              37.33703981174813
            ],
            [
              127.87463968254988,
              37.32830363263543
            ],
            [
              127.88013128586394,
              37.319566437614334
            ],
            [
              127.882877087521,
              37.306458740440725
            ],
            [
              127.89111449249214,
              37.28679290980492
            ],
            [
              127.89386029414919,
              37.275865226864696
            ],
            [
              127.89935189746328,
              37.26274991309606
            ],
            [
              127.89935189746328,
              37.24963231497485
            ],
            [
              127.89935189746328,
              37.23432556371887
            ],
            [
              127.9020976991203,
              37.223390266834386
            ],
            [
              127.90484350077736,
              37.208078187171985
            ],
            [
              127.90484350077736,
              37.194951074040446
            ],
            [
              127.91308090574846,
              37.186198397018345
            ],
            [
              127.91308090574846,
              37.17525612409173
            ],
            [
              127.91308090574846,
              37.15993427922026
            ],
            [
              127.91308090574846,
              37.14679879707221
            ],
            [
              127.91582670740549,
              37.13147118401104
            ],
            [
              127.91582670740549,
              37.118330758391046
            ],
            [
              127.91582670740549,
              37.10518805163558
            ],
            [
              127.91857250906254,
              37.09642497998041
            ],
            [
              127.92406411237663,
              37.08766089470638
            ],
            [
              127.92406411237663,
              37.07232130672066
            ],
            [
              127.92406411237663,
              37.06136255804992
            ],
            [
              127.92680991403367,
              37.048209969797256
            ],
            [
              127.92955571569071,
              37.03724773824915
            ],
            [
              127.92955571569071,
              37.02628392385116
            ],
            [
              127.92955571569071,
              37.01312525745527
            ],
            [
              127.92955571569071,
              36.99996431230398
            ],
            [
              127.92955571569071,
              36.986801088697185
            ],
            [
              127.92955571569071,
              36.98021862256685
            ],
            [
              116.34275510424645,
              39.94080502173511
            ]
          ]
        ]
      }
    },
    {
      "type": "Feature",
      "properties": {
        "NAME": "1235_1239",
        "name": "처인성",
        "color": "#ef4444",
        "fill": "#ef4444",
        "fill-opacity": 0.5,
        "stroke": "#ef4444",
        "stroke-width": 2,
        "originalType": "polyline"
      },
      "geometry": {
        "type": "Polygon",
        "coordinates": [
          [
            [
              126.97698728846902,
              37.56944745902333
            ],
            [
              126.97698728846902,
              37.56182707101652
            ],
            [
              126.97836018929758,
              37.55638345946642
            ],
            [
              126.98110599095462,
              37.55093945022281
            ],
            [
              126.98110599095462,
              37.54549504330578
            ],
            [
              126.98385179261167,
              37.53896123010478
            ],
            [
              126.9879704950972,
              37.53351594837707
            ],
            [
              126.98934339592574,
              37.528070269040406
            ],
            [
              126.99071629675424,
              37.523713439306135
            ],
            [
              126.9920891975828,
              37.51717771762073
            ],
            [
              126.9934620984113,
              37.51282025178956
            ],
            [
              126.99620790006836,
              37.50737306172274
            ],
            [
              126.99620790006836,
              37.501925474143896
            ],
            [
              126.99895370172538,
              37.49538784436184
            ],
            [
              127.00169950338243,
              37.489939382327734
            ],
            [
              127.00307240421093,
              37.48340070325821
            ],
            [
              127.00444530503947,
              37.47904126593812
            ],
            [
              127.00719110669652,
              37.474681574277746
            ],
            [
              127.00993690835355,
              37.46923160205218
            ],
            [
              127.01268271001061,
              37.461600973359225
            ],
            [
              127.01680141249615,
              37.452879301236614
            ],
            [
              127.01817431332466,
              37.44960841196225
            ],
            [
              127.0209201149817,
              37.443066204337455
            ],
            [
              127.02503881746729,
              37.437613927649245
            ],
            [
              127.02641171829579,
              37.43434237095413
            ],
            [
              127.03190332160987,
              37.42888945867285
            ],
            [
              127.03464912326693,
              37.42343614917253
            ],
            [
              127.04014072658101,
              37.415800848583025
            ],
            [
              127.04288652823807,
              37.412528338596566
            ],
            [
              127.04700523072361,
              37.40598288969792
            ],
            [
              127.04975103238067,
              37.40161893939023
            ],
            [
              127.0538697348662,
              37.398345809869944
            ],
            [
              127.05661553652324,
              37.39289027632157
            ],
            [
              127.06210713983734,
              37.38743434568955
            ],
            [
              127.06348004066587,
              37.380886704809654
            ],
            [
              127.06622584232292,
              37.37652129325681
            ],
            [
              127.06897164397996,
              37.373247067842385
            ],
            [
              127.07171744563702,
              37.364515101345965
            ],
            [
              127.07583614812256,
              37.360148736994994
            ],
            [
              127.08132775143665,
              37.350323488335086
            ],
            [
              127.0840735530937,
              37.34704811965809
            ],
            [
              127.08681935475076,
              37.33940503707833
            ],
            [
              127.0909380572363,
              37.33066913304667
            ],
            [
              127.09368385889333,
              37.32739290711044
            ],
            [
              127.09780256137887,
              37.318655606195065
            ],
            [
              127.10054836303593,
              37.312101963875676
            ],
            [
              127.10878576800705,
              37.296807909904985
            ],
            [
              127.11015866883561,
              37.29025236319324
            ],
            [
              127.11427737132114,
              37.28478897123496
            ],
            [
              127.11702317297818,
              37.27823237727804
            ],
            [
              127.12251477629228,
              37.272768112665986
            ],
            [
              127.12663347877782,
              37.26183839358065
            ],
            [
              127.12937928043488,
              37.25637293914925
            ],
            [
              127.13349798292045,
              37.25090708815329
            ],
            [
              127.13624378457746,
              37.24434754352251
            ],
            [
              127.14173538789156,
              37.24106755708488
            ],
            [
              127.1444811895486,
              37.23669401979232
            ],
            [
              127.14997279286268,
              37.23232022874675
            ],
            [
              127.15271859451974,
              37.227946183959055
            ],
            [
              127.15821019783381,
              37.222478271165876
            ],
            [
              127.16507470197642,
              37.21263502913799
            ],
            [
              127.16782050363346,
              37.20935366305058
            ],
            [
              127.17193920611905,
              37.202790502785994
            ],
            [
              127.17605790860459,
              37.197320766569774
            ],
            [
              127.17880371026165,
              37.192944692233006
            ],
            [
              127.18154951191867,
              37.18966247002528
            ],
            [
              127.18566821440422,
              37.18528595181692
            ],
            [
              127.18841401606127,
              37.180909179982486
            ],
            [
              127.19253271854684,
              37.17543785854438
            ],
            [
              127.19390561937537,
              37.173249219017244
            ],
            [
              126.97698728846902,
              37.56944745902333
            ]
          ]
        ]
      }
    },
    {
      "type": "Feature",
      "properties": {
        "NAME": "1235_1239",
        "name": "죽주성",
        "color": "#ef4444",
        "fill": "#ef4444",
        "fill-opacity": 0.5,
        "stroke": "#ef4444",
        "stroke-width": 2,
        "originalType": "polyline"
      },
      "geometry": {
        "type": "Polygon",
        "coordinates": [
          [
            [
              127.19951232788512,
              37.157960948345945
            ],
            [
              127.20363103037069,
              37.157960948345945
            ],
            [
              127.2104955345133,
              37.157960948345945
            ],
            [
              127.21461423699888,
              37.157960948345945
            ],
            [
              127.21873293948443,
              37.157960948345945
            ],
            [
              127.22285164196998,
              37.157960948345945
            ],
            [
              127.22697034445555,
              37.157960948345945
            ],
            [
              127.23246194776964,
              37.156866383420805
            ],
            [
              127.23520774942668,
              37.15577180264842
            ],
            [
              127.24619095605483,
              37.15467720602903
            ],
            [
              127.2503096585404,
              37.15467720602903
            ],
            [
              127.25168255936892,
              37.15248796524971
            ],
            [
              127.2585470635115,
              37.15139332109017
            ],
            [
              127.26403866682561,
              37.15029866108423
            ],
            [
              127.26815736931118,
              37.148109293533956
            ],
            [
              127.27502187345378,
              37.14701458598998
            ],
            [
              127.2846321792534,
              37.14701458598998
            ],
            [
              127.29012378256749,
              37.14591986260027
            ],
            [
              127.2956153858816,
              37.14263559735877
            ],
            [
              127.29973408836713,
              37.14154081058804
            ],
            [
              127.30797149333827,
              37.13935118951221
            ],
            [
              127.31758179913795,
              37.13497175722798
            ],
            [
              127.32444630328055,
              37.131687016654155
            ],
            [
              127.32993790659464,
              37.13059207144272
            ],
            [
              127.33405660908018,
              37.12949711038815
            ],
            [
              127.33817531156572,
              37.127307140750304
            ],
            [
              127.3436669148798,
              37.12621213216735
            ],
            [
              127.34641271653686,
              37.12402206747428
            ],
            [
              127.35053141902245,
              37.12292701136453
            ],
            [
              127.35465012150799,
              37.12183193941282
            ],
            [
              127.35739592316504,
              37.11964174798429
            ],
            [
              127.36151462565059,
              37.117451493190046
            ],
            [
              127.36426042730764,
              37.11526117503146
            ],
            [
              127.36837912979321,
              37.113070793509955
            ],
            [
              127.37249783227875,
              37.11197557898851
            ],
            [
              127.37524363393581,
              37.110880348626836
            ],
            [
              127.37936233642137,
              37.1086898403835
            ],
            [
              127.38485393973544,
              37.106499268781306
            ],
            [
              127.38759974139249,
              37.105403959221064
            ],
            [
              127.39034554304953,
              37.103213292583185
            ],
            [
              127.39309134470659,
              37.102117935505866
            ],
            [
              127.39583714636362,
              37.099927173835354
            ],
            [
              127.39858294802067,
              37.097736348811445
            ],
            [
              127.40132874967773,
              37.095545460435545
            ],
            [
              127.40407455133476,
              37.094449992491015
            ],
            [
              127.4068203529918,
              37.09225900908968
            ],
            [
              127.41093905547736,
              37.08897241520955
            ],
            [
              127.41505775796296,
              37.08787685224269
            ],
            [
              127.41780355961998,
              37.086781273439364
            ],
            [
              127.420549361277,
              37.08239879986495
            ],
            [
              127.42329516293404,
              37.08130314188192
            ],
            [
              127.42466806376258,
              37.08020746806347
            ],
            [
              127.19951232788512,
              37.157960948345945
            ]
          ]
        ]
      }
    },
    {
      "type": "Feature",
      "properties": {
        "NAME": "1235_1239",
        "name": "수안",
        "color": "#ef4444",
        "fill": "#ef4444",
        "fill-opacity": 0.5,
        "stroke": "#ef4444",
        "stroke-width": 2,
        "originalType": "polyline"
      },
      "geometry": {
        "type": "Polygon",
        "coordinates": [
          [
            [
              123.96339527653815,
              40.68004077311928
            ],
            [
              123.96339527653815,
              40.663374245816264
            ],
            [
              123.9743784831663,
              40.630028694667516
            ],
            [
              124.01281970636488,
              40.596666483939124
            ],
            [
              124.02380291299306,
              40.571633894843806
            ],
            [
              124.04027772293533,
              40.554940297558076
            ],
            [
              124.06224413619165,
              40.53406744649163
            ],
            [
              124.08970215276206,
              40.504834528007144
            ],
            [
              124.1171601693325,
              40.47140987071661
            ],
            [
              124.13912658258882,
              40.45051100710123
            ],
            [
              124.16109299584518,
              40.42124167610702
            ],
            [
              124.1775678057874,
              40.40869377687644
            ],
            [
              124.19953421904377,
              40.387775411793804
            ],
            [
              124.20502582235784,
              40.37940624600985
            ],
            [
              124.216009028986,
              40.36685054775504
            ],
            [
              124.23797544224234,
              40.34173213337459
            ],
            [
              124.24346704555644,
              40.33335724939422
            ],
            [
              124.25445025218457,
              40.32498132590346
            ],
            [
              124.26543345881277,
              40.316604362952326
            ],
            [
              124.28190826875503,
              40.30403696964702
            ],
            [
              124.29289147538317,
              40.29565740826433
            ],
            [
              124.30936628532544,
              40.27470395804763
            ],
            [
              124.31485788863951,
              40.26632075938951
            ],
            [
              124.3258410952677,
              40.262128770391875
            ],
            [
              124.33682430189585,
              40.25374401309117
            ],
            [
              124.34231590520992,
              40.2453582167589
            ],
            [
              124.36428231846628,
              40.23277757418771
            ],
            [
              124.37526552509443,
              40.21599974795814
            ],
            [
              124.3862487317226,
              40.20341365140895
            ],
            [
              124.40272354166488,
              40.195021621959526
            ],
            [
              124.40821514497897,
              40.18662855383685
            ],
            [
              124.4191983516071,
              40.18243163028916
            ],
            [
              124.4246899549212,
              40.17403700425329
            ],
            [
              124.44116476486346,
              40.16564133967325
            ],
            [
              124.46862278143388,
              40.14464763493273
            ],
            [
              124.47960598806205,
              40.13204829694914
            ],
            [
              124.49058919469019,
              40.12784799847049
            ],
            [
              124.49608079800427,
              40.11944662282619
            ],
            [
              124.50706400463247,
              40.115245545673616
            ],
            [
              124.51255560794655,
              40.1068426127404
            ],
            [
              124.53452202120287,
              40.0984386416802
            ],
            [
              124.54001362451696,
              40.0858307387167
            ],
            [
              124.55648843445923,
              40.07742417256908
            ],
            [
              124.56747164108741,
              40.06901656847889
            ],
            [
              124.57845484771553,
              40.06481237722185
            ],
            [
              124.5894380543437,
              40.05640321631698
            ],
            [
              124.6004212609719,
              40.04799301760196
            ],
            [
              124.61689607091411,
              40.04378752908226
            ],
            [
              124.63337088085639,
              40.03537577375167
            ],
            [
              124.64435408748459,
              40.02696298074401
            ],
            [
              124.6553372941127,
              40.018549150112605
            ],
            [
              124.671812104055,
              40.01434184570473
            ],
            [
              124.68279531068316,
              40.010134281910986
            ],
            [
              124.71025332725357,
              40.005926458738095
            ],
            [
              124.72123653388174,
              40.00171837619273
            ],
            [
              124.74869455045214,
              39.99330143301148
            ],
            [
              124.75967775708034,
              39.98909257238903
            ],
            [
              124.77615256702255,
              39.98909257238903
            ],
            [
              124.79811898027891,
              39.98488345242106
            ],
            [
              124.80361058359303,
              39.97646443447527
            ],
            [
              124.82008539353524,
              39.97646443447527
            ],
            [
              124.8310686001634,
              39.97225453651099
            ],
            [
              124.84754341010569,
              39.963833962633444
            ],
            [
              124.85852661673383,
              39.95962328673369
            ],
            [
              124.88598463330426,
              39.95120115704609
            ],
            [
              124.90245944324649,
              39.94277799021962
            ],
            [
              124.91344264987467,
              39.93856601789626
            ],
            [
              124.92991745981695,
              39.930141295463386
            ],
            [
              124.95188387307326,
              39.917502267450764
            ],
            [
              124.97385028632958,
              39.90907495261321
            ],
            [
              124.98483349295776,
              39.904860906366174
            ],
            [
              125.01229150952817,
              39.89643203624985
            ],
            [
              125.01778311284227,
              39.88378678712278
            ],
            [
              125.03425792278452,
              39.87957118572055
            ],
            [
              125.05622433604086,
              39.8669228265307
            ],
            [
              125.06720754266902,
              39.85848929132046
            ],
            [
              125.08917395592539,
              39.85427213501097
            ],
            [
              125.09466555923943,
              39.845837045017916
            ],
            [
              125.10564876586761,
              39.841619111348194
            ],
            [
              125.1166319724958,
              39.83318246669707
            ],
            [
              125.13310678243802,
              39.81630606834296
            ],
            [
              125.16056479900847,
              39.80364604937649
            ],
            [
              125.18802281557888,
              39.78254083699002
            ],
            [
              125.20449762552114,
              39.7698746014014
            ],
            [
              125.22097243546337,
              39.75720603492734
            ],
            [
              125.23744724540562,
              39.74875902910235
            ],
            [
              125.25392205534787,
              39.73186191008557
            ],
            [
              125.26490526197605,
              39.72341179700721
            ],
            [
              125.27588846860424,
              39.71918635210039
            ],
            [
              125.29236327854649,
              39.71073468558711
            ],
            [
              125.30334648517464,
              39.702281983521765
            ],
            [
              125.33080450174508,
              39.6811456981932
            ],
            [
              125.3527709150014,
              39.66423201080462
            ],
            [
              125.36924572494365,
              39.65577361422641
            ],
            [
              125.3802289315718,
              39.647314182469124
            ],
            [
              125.38572053488589,
              39.63885371559042
            ],
            [
              125.40768694814226,
              39.63039221364824
            ],
            [
              125.4131785514563,
              39.62192967670041
            ],
            [
              125.41867015477038,
              39.61346610480505
            ],
            [
              125.42965336139858,
              39.596535856404216
            ],
            [
              125.43514496471266,
              39.5880691800153
            ],
            [
              125.44612817134083,
              39.57113272315262
            ],
            [
              125.45711137796899,
              39.56689796229529
            ],
            [
              125.47358618791124,
              39.554192127900706
            ],
            [
              125.47907779122535,
              39.541483965926616
            ],
            [
              125.49555260116756,
              39.528773476571864
            ],
            [
              125.50653580779573,
              39.52029852411123
            ],
            [
              125.51751901442393,
              39.507584156232156
            ],
            [
              125.5285022210521,
              39.499106618273785
            ],
            [
              125.53948542768025,
              39.494867461505244
            ],
            [
              125.55046863430842,
              39.48638837242652
            ],
            [
              125.5559602376225,
              39.477908249341986
            ],
            [
              125.5669434442507,
              39.473667800066224
            ],
            [
              125.5834182541929,
              39.473667800066224
            ],
            [
              125.5944014608211,
              39.46518612608496
            ],
            [
              125.60538466744927,
              39.46094490139447
            ],
            [
              125.6273510807056,
              39.46094490139447
            ],
            [
              125.64931749396196,
              39.45670341824735
            ],
            [
              125.67677551053237,
              39.45670341824735
            ],
            [
              125.69325032047462,
              39.448219676613284
            ],
            [
              125.72070833704502,
              39.44397741814133
            ],
            [
              125.7316915436732,
              39.43973490124282
            ],
            [
              125.75914956024361,
              39.43973490124282
            ],
            [
              125.77562437018587,
              39.43549212592524
            ],
            [
              125.80308238675629,
              39.43549212592524
            ],
            [
              125.8305404033267,
              39.431249092196104
            ],
            [
              125.87447322983938,
              39.422762249533314
            ],
            [
              125.89643964309569,
              39.41851844061477
            ],
            [
              125.91840605635205,
              39.40578546360105
            ],
            [
              125.93488086629432,
              39.40154062120235
            ],
            [
              125.94586407292246,
              39.397295520452545
            ],
            [
              125.96783048617881,
              39.397295520452545
            ],
            [
              125.98430529612104,
              39.39305016135918
            ],
            [
              126.00078010606332,
              39.384558668172204
            ],
            [
              126.02823812263372,
              39.37606614170222
            ],
            [
              126.04471293257598,
              39.36757258201007
            ],
            [
              126.06667934583231,
              39.36332541472473
            ],
            [
              126.09413736240275,
              39.350582363203294
            ],
            [
              126.11610377565907,
              39.350582363203294
            ],
            [
              126.12159537897317,
              39.34208570421088
            ],
            [
              126.13257858560134,
              39.333588012240796
            ],
            [
              126.14905339554358,
              39.32508928735435
            ],
            [
              126.16552820548584,
              39.312339263441054
            ],
            [
              126.17651141211402,
              39.308088739078414
            ],
            [
              126.18749461874216,
              39.299586915812135
            ],
            [
              126.20396942868442,
              39.286832244675914
            ],
            [
              126.2149526353126,
              39.27407525024127
            ],
            [
              126.22593584194074,
              39.261315932717515
            ],
            [
              126.23691904856894,
              39.25280843053353
            ],
            [
              126.2479022551971,
              39.24004524166109
            ],
            [
              126.25339385851119,
              39.23153515877287
            ],
            [
              126.26986866845343,
              39.214511896542035
            ],
            [
              126.27536027176751,
              39.2059987173248
            ],
            [
              126.29183508170976,
              39.18896926300093
            ],
            [
              126.30281828833792,
              39.17619446360286
            ],
            [
              126.3138014949661,
              39.15915778660375
            ],
            [
              126.31929309828017,
              39.15063790061737
            ],
            [
              126.33027630490837,
              39.13359503398843
            ],
            [
              126.33576790822245,
              39.12081017644311
            ],
            [
              126.3467511148506,
              39.10376009002727
            ],
            [
              126.35773432147879,
              39.090969818228736
            ],
            [
              126.37420913142104,
              39.07817722639644
            ],
            [
              126.37420913142104,
              39.06538231474736
            ],
            [
              126.38519233804918,
              39.05258508349903
            ],
            [
              126.39068394136326,
              39.03551850061262
            ],
            [
              126.39617554467738,
              39.00991089614613
            ],
            [
              126.41265035461963,
              38.988564140916324
            ],
            [
              126.42363356124778,
              38.97148210011618
            ],
            [
              126.42912516456184,
              38.95439593844703
            ],
            [
              126.44010837119004,
              38.9458513124508
            ],
            [
              126.44559997450413,
              38.9287589704643
            ],
            [
              126.46207478444636,
              38.89883745963509
            ],
            [
              126.47854959438861,
              38.847514097460305
            ],
            [
              126.49502440433089,
              38.80471632384975
            ],
            [
              126.50051600764493,
              38.78330779040374
            ],
            [
              126.51149921427313,
              38.77474257665416
            ],
            [
              126.5224824209013,
              38.76189282727266
            ],
            [
              126.5224824209013,
              38.74475622810774
            ],
            [
              126.53346562752948,
              38.71047068900311
            ],
            [
              126.53895723084354,
              38.67616869918604
            ],
            [
              126.5499404374717,
              38.641850263063624
            ],
            [
              126.55543204078579,
              38.628976610358556
            ],
            [
              126.5609236440999,
              38.61610064574963
            ],
            [
              126.57190685072807,
              38.60322236947202
            ],
            [
              126.57190685072807,
              38.58604773891365
            ],
            [
              126.57190685072807,
              38.56886899970136
            ],
            [
              126.57739845404215,
              38.56027808952546
            ],
            [
              126.57739845404215,
              38.547389798747275
            ],
            [
              126.5828900573562,
              38.53449919756351
            ],
            [
              126.58838166067028,
              38.52160628621255
            ],
            [
              126.58838166067028,
              38.5087110649333
            ],
            [
              126.59387326398438,
              38.49581353396529
            ],
            [
              126.59936486729848,
              38.47861323357353
            ],
            [
              126.61034807392664,
              38.461408828065245
            ],
            [
              126.6213312805548,
              38.435594523960695
            ],
            [
              126.63780609049705,
              38.40546616612461
            ],
            [
              126.64329769381116,
              38.396855755995674
            ],
            [
              126.64878929712525,
              38.37963185902077
            ],
            [
              126.65977250375337,
              38.36671124444741
            ],
            [
              126.66526410706746,
              38.35809621970504
            ],
            [
              126.67624731369564,
              38.336554172452516
            ],
            [
              126.68173891700974,
              38.32362586876517
            ],
            [
              126.68723052032382,
              38.3150057184026
            ],
            [
              126.69821372695198,
              38.302073571185424
            ],
            [
              126.71468853689423,
              38.289139118180344
            ],
            [
              126.7256717435224,
              38.28482712149089
            ],
            [
              126.7366549501506,
              38.27188959448814
            ],
            [
              126.74214655346464,
              38.26326329579982
            ],
            [
              126.74763815677872,
              38.24600762510802
            ],
            [
              126.75862136340692,
              38.23737825325259
            ],
            [
              126.76960457003509,
              38.23306318322991
            ],
            [
              126.7915709832914,
              38.22011643689348
            ],
            [
              126.80255418991958,
              38.21580034272283
            ],
            [
              126.81902899986186,
              38.211483992538426
            ],
            [
              126.83550380980408,
              38.207167386349596
            ],
            [
              126.85197861974635,
              38.202850524165676
            ],
            [
              126.88492823963084,
              38.202850524165676
            ],
            [
              126.90689465288716,
              38.202850524165676
            ],
            [
              126.92336946282943,
              38.202850524165676
            ],
            [
              126.93984427277167,
              38.202850524165676
            ],
            [
              126.95082747939983,
              38.207167386349596
            ],
            [
              126.9673022893421,
              38.21580034272283
            ],
            [
              126.9782854959703,
              38.22443227504107
            ],
            [
              126.98926870259842,
              38.2287478571563
            ],
            [
              127.0002519092266,
              38.24169306721506
            ],
            [
              127.01123511585477,
              38.25894976227741
            ],
            [
              127.02221832248293,
              38.27188959448814
            ],
            [
              127.03869313242518,
              38.280514868639564
            ],
            [
              127.05516794236746,
              38.302073571185424
            ],
            [
              127.06065954568155,
              38.310695258877494
            ],
            [
              127.06615114899559,
              38.32362586876517
            ],
            [
              127.06615114899559,
              38.336554172452516
            ],
            [
              127.08262595893787,
              38.34517176023312
            ],
            [
              127.08811756225195,
              38.35809621970504
            ],
            [
              127.09360916556605,
              38.37963185902077
            ],
            [
              127.09910076888013,
              38.401161089264214
            ],
            [
              127.09910076888013,
              38.414075550584734
            ],
            [
              127.10459237219419,
              38.43129124221002
            ],
            [
              127.10459237219419,
              38.452805086071045
            ],
            [
              127.10459237219419,
              38.47431251702881
            ],
            [
              127.10459237219419,
              38.500112967571916
            ],
            [
              127.10459237219419,
              38.513009728670305
            ],
            [
              127.10459237219419,
              38.53449919756351
            ],
            [
              127.10459237219419,
              38.56027808952546
            ],
            [
              127.10459237219419,
              38.598929097049414
            ],
            [
              127.09910076888013,
              38.64614096683498
            ],
            [
              127.09910076888013,
              38.68474573865402
            ],
            [
              127.09360916556605,
              38.693321750158795
            ],
            [
              127.08811756225195,
              38.71475728112963
            ],
            [
              127.08262595893787,
              38.740471435518025
            ],
            [
              127.08262595893787,
              38.74475622810774
            ],
            [
              123.96339527653815,
              40.68004077311928
            ]
          ]
        ]
      }
    },
    {
      "type": "Feature",
      "properties": {
        "NAME": "1235_1239",
        "name": "나주",
        "color": "#ef4444",
        "fill": "#ef4444",
        "fill-opacity": 0.5,
        "stroke": "#ef4444",
        "stroke-width": 2,
        "originalType": "polyline"
      },
      "geometry": {
        "type": "Polygon",
        "coordinates": [
          [
            [
              127.1911652803378,
              37.159056546706395
            ],
            [
              127.1911652803378,
              37.152489014623555
            ],
            [
              127.1911652803378,
              37.144826172845235
            ],
            [
              127.18979237950926,
              37.14044705751338
            ],
            [
              127.18704657785221,
              37.136067688666856
            ],
            [
              127.1856736770237,
              37.13059312112034
            ],
            [
              127.18292787536666,
              37.12073790143367
            ],
            [
              127.18018207370962,
              37.113071843430575
            ],
            [
              127.17880917288106,
              37.10321434264046
            ],
            [
              127.17606337122403,
              37.0955465105991
            ],
            [
              127.17331756956698,
              37.09006901257925
            ],
            [
              127.17194466873849,
              37.08239985021069
            ],
            [
              127.16782596625293,
              37.07472991189783
            ],
            [
              127.16782596625293,
              37.06705919769962
            ],
            [
              127.16508016459589,
              37.06048368231878
            ],
            [
              127.16370726376734,
              37.04733094172136
            ],
            [
              127.16233436293885,
              37.04294618827803
            ],
            [
              127.16096146211031,
              37.03636858323455
            ],
            [
              127.16096146211031,
              37.02321166372201
            ],
            [
              127.15821566045325,
              37.013342478487374
            ],
            [
              127.15684275962477,
              37.0089557624883
            ],
            [
              127.15684275962477,
              37.00237521377222
            ],
            [
              127.15684275962477,
              36.993600262736514
            ],
            [
              127.15684275962477,
              36.98811540413158
            ],
            [
              127.15546985879621,
              36.98043593761885
            ],
            [
              127.15546985879621,
              36.973852920787586
            ],
            [
              127.15546985879621,
              36.968366638418814
            ],
            [
              127.15546985879621,
              36.961782577597575
            ],
            [
              127.15409695796771,
              36.95739288738349
            ],
            [
              127.15272405713922,
              36.95080787759046
            ],
            [
              127.15135115631065,
              36.94531993452097
            ],
            [
              127.14997825548217,
              36.93983159610336
            ],
            [
              127.14860535465361,
              36.935440640733354
            ],
            [
              127.14723245382511,
              36.9266579710118
            ],
            [
              127.14585955299657,
              36.92226625668267
            ],
            [
              127.14448665216808,
              36.91458014791911
            ],
            [
              127.14448665216808,
              36.90908959595687
            ],
            [
              127.14311375133954,
              36.90469686983958
            ],
            [
              127.14311375133954,
              36.89810730644417
            ],
            [
              127.14311375133954,
              36.891517174019256
            ],
            [
              127.14311375133954,
              36.88382796705079
            ],
            [
              127.14311375133954,
              36.878335202232975
            ],
            [
              127.14311375133954,
              36.87064466775845
            ],
            [
              127.14174085051103,
              36.8651509547856
            ],
            [
              127.14174085051103,
              36.857459092983085
            ],
            [
              127.14174085051103,
              36.85196443198248
            ],
            [
              127.14174085051103,
              36.84537031741807
            ],
            [
              127.14311375133954,
              36.83877563412949
            ],
            [
              127.14311375133954,
              36.83218038215509
            ],
            [
              127.14448665216808,
              36.82778323158782
            ],
            [
              127.14723245382511,
              36.82118703188886
            ],
            [
              127.14997825548217,
              36.815689764470164
            ],
            [
              127.14997825548217,
              36.809092522397506
            ],
            [
              127.15135115631065,
              36.80359438638789
            ],
            [
              127.15135115631065,
              36.795896332751674
            ],
            [
              127.15135115631065,
              36.79039724931136
            ],
            [
              127.15135115631065,
              36.783797828148046
            ],
            [
              127.15135115631065,
              36.777197838619564
            ],
            [
              127.14860535465361,
              36.77169741320583
            ],
            [
              127.15002897980565,
              36.7684160339027
            ],
            [
              127.14316447566307,
              36.76181471998028
            ],
            [
              127.14179157483453,
              36.75411246888582
            ],
            [
              127.14179157483453,
              36.74861038746492
            ],
            [
              127.13904577317749,
              36.74310791148926
            ],
            [
              127.13904577317749,
              36.73760504098129
            ],
            [
              127.13904577317749,
              36.73100107562068
            ],
            [
              127.13904577317749,
              36.72219490483835
            ],
            [
              127.13904577317749,
              36.71008477124368
            ],
            [
              127.13904577317749,
              36.70017506027997
            ],
            [
              127.13904577317749,
              36.69246662394266
            ],
            [
              127.13904577317749,
              36.68696012479389
            ],
            [
              127.13904577317749,
              36.675945943612085
            ],
            [
              127.13904577317749,
              36.6682350784423
            ],
            [
              127.13904577317749,
              36.66162515044586
            ],
            [
              127.13767287234897,
              36.65501465480427
            ],
            [
              127.13492707069194,
              36.6495054748467
            ],
            [
              127.13492707069194,
              36.640689967096215
            ],
            [
              127.13492707069194,
              36.629669163617095
            ],
            [
              127.13492707069194,
              36.62085138591483
            ],
            [
              127.13492707069194,
              36.61093018027397
            ],
            [
              127.13355416986339,
              36.601007698110536
            ],
            [
              127.1321812690349,
              36.59218664242452
            ],
            [
              127.13080836820635,
              36.58336457832726
            ],
            [
              127.13080836820635,
              36.57454150591265
            ],
            [
              127.12943546737786,
              36.567923539949994
            ],
            [
              127.12943546737786,
              36.56130500690141
            ],
            [
              127.12806256654935,
              36.55468590680659
            ],
            [
              127.1266896657208,
              36.55027285840402
            ],
            [
              127.12531676489229,
              36.542549417353115
            ],
            [
              127.12531676489229,
              36.53703220129709
            ],
            [
              127.12531676489229,
              36.530411022373336
            ],
            [
              127.12394386406376,
              36.524892940250176
            ],
            [
              127.12257096323525,
              36.51827072211295
            ],
            [
              127.12257096323525,
              36.5127517740345
            ],
            [
              127.12119806240672,
              36.50833633219373
            ],
            [
              127.12119806240672,
              36.49950469288785
            ],
            [
              127.12119806240672,
              36.492880302283844
            ],
            [
              127.11982516157823,
              36.48625534504616
            ],
            [
              127.09983588138405,
              36.50017386473187
            ],
            [
              127.09983588138405,
              36.48692463137455
            ],
            [
              127.09983588138405,
              36.4780905500107
            ],
            [
              127.10532748469814,
              36.47367313162676
            ],
            [
              127.11631069132632,
              36.46041936580982
            ],
            [
              127.11631069132632,
              36.4427441536137
            ],
            [
              127.12180229464037,
              36.43832472127994
            ],
            [
              127.12180229464037,
              36.42506491418668
            ],
            [
              127.12180229464037,
              36.416223784500886
            ],
            [
              127.12180229464037,
              36.40738164829477
            ],
            [
              127.12729389795446,
              36.39853850566435
            ],
            [
              127.12729389795446,
              36.38527190488343
            ],
            [
              127.12729389795446,
              36.372003040189014
            ],
            [
              127.12729389795446,
              36.34545852036188
            ],
            [
              127.12729389795446,
              36.33218286588167
            ],
            [
              127.12729389795446,
              36.32333117253654
            ],
            [
              127.12729389795446,
              36.310051747224
            ],
            [
              127.12729389795446,
              36.296770059849194
            ],
            [
              127.12729389795446,
              36.28791434506024
            ],
            [
              127.12729389795446,
              36.270199900227205
            ],
            [
              127.12729389795446,
              36.25691142863865
            ],
            [
              127.13278550126854,
              36.2391899498632
            ],
            [
              127.13278550126854,
              36.22589620371729
            ],
            [
              127.13278550126854,
              36.21260019759874
            ],
            [
              127.13278550126854,
              36.199301931839415
            ],
            [
              127.13278550126854,
              36.18600140677185
            ],
            [
              127.13827710458263,
              36.168263859444544
            ],
            [
              127.13827710458263,
              36.15939358004448
            ],
            [
              127.13827710458263,
              36.14608627905239
            ],
            [
              127.13827710458263,
              36.12833969871846
            ],
            [
              127.13827710458263,
              36.11058910500523
            ],
            [
              127.13827710458263,
              36.10171230338018
            ],
            [
              127.13827710458263,
              36.088395220262555
            ],
            [
              127.13827710458263,
              36.075075880628376
            ],
            [
              127.13827710458263,
              36.05731325156285
            ],
            [
              127.13827710458263,
              36.048430433161265
            ],
            [
              127.13827710458263,
              36.035104326005026
            ],
            [
              127.14376870789673,
              36.02177596368575
            ],
            [
              127.14376870789673,
              36.01288913610565
            ],
            [
              127.1492603112108,
              36.00400130648259
            ],
            [
              127.1492603112108,
              35.981777349149745
            ],
            [
              127.1492603112108,
              35.97288601317189
            ],
            [
              127.1492603112108,
              35.963993675605984
            ],
            [
              127.15475191452491,
              35.95954713125924
            ],
            [
              127.15475191452491,
              35.94620599611594
            ],
            [
              127.16024351783895,
              35.94175845040947
            ],
            [
              127.16024351783895,
              35.932862608084776
            ],
            [
              127.16024351783895,
              35.91951696750916
            ],
            [
              127.16024351783895,
              35.91061862254829
            ],
            [
              127.16024351783895,
              35.9017192767114
            ],
            [
              127.16573512115303,
              35.89726922849639
            ],
            [
              127.16573512115303,
              35.88836838153709
            ],
            [
              127.16573512115303,
              35.87946653395733
            ],
            [
              127.17122672446715,
              35.86611188664847
            ],
            [
              127.17122672446715,
              35.85720753796592
            ],
            [
              127.17122672446715,
              35.8483021890219
            ],
            [
              127.16024351783895,
              35.839395839919135
            ],
            [
              127.12729389795446,
              35.83048849076059
            ],
            [
              127.09434427806997,
              35.826034441192576
            ],
            [
              127.08336107144177,
              35.817125592143476
            ],
            [
              127.07237786481365,
              35.81267079268817
            ],
            [
              127.06139465818545,
              35.808215743296294
            ],
            [
              127.0449198482432,
              35.80376044398069
            ],
            [
              127.03393664161506,
              35.799304894754314
            ],
            [
              127.02844503830096,
              35.79039304662091
            ],
            [
              127.0064786250446,
              35.777023400413384
            ],
            [
              126.99549541841647,
              35.772566351994
            ],
            [
              126.99000381510238,
              35.763651505707834
            ],
            [
              126.98451221178829,
              35.75919370786695
            ],
            [
              126.9735290051601,
              35.75027736285454
            ],
            [
              126.96254579853193,
              35.736900972204445
            ],
            [
              126.95156259190378,
              35.71906228870554
            ],
            [
              126.94057938527561,
              35.705680654563636
            ],
            [
              126.92959617864742,
              35.69675831698983
            ],
            [
              126.91861297201925,
              35.68783498102138
            ],
            [
              126.90213816207701,
              35.67444810530794
            ],
            [
              126.89664655876294,
              35.6610589837962
            ],
            [
              126.88566335213476,
              35.652131655297744
            ],
            [
              126.88017174882067,
              35.64766761684073
            ],
            [
              126.87468014550662,
              35.62980896860139
            ],
            [
              126.86918854219253,
              35.61194632993653
            ],
            [
              126.85820533556435,
              35.60301351445849
            ],
            [
              126.85271373225027,
              35.589612421356925
            ],
            [
              126.84173052562207,
              35.57620908471168
            ],
            [
              126.836238922308,
              35.55833447984673
            ],
            [
              126.82525571567984,
              35.54492590965946
            ],
            [
              126.80878090573759,
              35.52704432804149
            ],
            [
              126.80878090573759,
              35.50468674644866
            ],
            [
              126.78681449248127,
              35.46442741183846
            ],
            [
              126.78132288916717,
              35.455478154692834
            ],
            [
              126.77583128585309,
              35.442052402392385
            ],
            [
              126.77033968253897,
              35.4286244105167
            ],
            [
              126.75386487259676,
              35.410716938194774
            ],
            [
              126.74837326928268,
              35.397283722060344
            ],
            [
              126.7373900626545,
              35.37489005455146
            ],
            [
              126.7318984593404,
              35.36593084698126
            ],
            [
              126.72640685602632,
              35.34800944860979
            ],
            [
              126.72091525271223,
              35.33904725802623
            ],
            [
              126.70993204608409,
              35.321119894608394
            ],
            [
              126.70444044277,
              35.30318855558421
            ],
            [
              126.69894883945591,
              35.28525324182872
            ],
            [
              126.69894883945591,
              35.26282851150429
            ],
            [
              126.69894883945591,
              35.24937069363259
            ],
            [
              126.69345723614182,
              35.23142346095082
            ],
            [
              126.68796563282774,
              35.22693603224374
            ],
            [
              126.68796563282774,
              35.213472257055344
            ],
            [
              126.68796563282774,
              35.2044951661786
            ],
            [
              126.68796563282774,
              35.195517082829994
            ],
            [
              126.68796563282774,
              35.18653800712024
            ],
            [
              126.68796563282774,
              35.173067533121106
            ],
            [
              126.68796563282774,
              35.15959482693353
            ],
            [
              126.69345723614182,
              35.14162774703878
            ],
            [
              126.69894883945591,
              35.128149833871426
            ],
            [
              126.70444044277,
              35.114669689768334
            ],
            [
              126.70993204608409,
              35.110175812702316
            ],
            [
              126.71542364939815,
              35.10118731510653
            ],
            [
              126.71542364939815,
              35.08770271026361
            ],
            [
              126.72091525271223,
              35.07871173489886
            ],
            [
              126.72091525271223,
              35.07871173489886
            ],
            [
              127.1911652803378,
              37.159056546706395
            ]
          ]
        ]
      }
    },
    {
      "type": "Feature",
      "properties": {
        "NAME": "1235_1239",
        "name": "동경",
        "color": "#ef4444",
        "fill": "#ef4444",
        "fill-opacity": 0.5,
        "stroke": "#ef4444",
        "stroke-width": 2,
        "originalType": "polyline"
      },
      "geometry": {
        "type": "Polygon",
        "coordinates": [
          [
            [
              127.41626248814961,
              37.081169255552254
            ],
            [
              127.41900828980667,
              37.07021178545269
            ],
            [
              127.42175409146373,
              37.04829209532011
            ],
            [
              127.42724569477781,
              37.02417312265733
            ],
            [
              127.42999149643482,
              37.01101409067614
            ],
            [
              127.42999149643482,
              36.99346517009724
            ],
            [
              127.43273729809185,
              36.97810654203502
            ],
            [
              127.43548309974891,
              36.95177025209366
            ],
            [
              127.44372050472002,
              36.93201205645366
            ],
            [
              127.44646630637708,
              36.91664102906009
            ],
            [
              127.44646630637708,
              36.89687372653044
            ],
            [
              127.44921210803413,
              36.88588967886105
            ],
            [
              127.44921210803413,
              36.87270673549045
            ],
            [
              127.45470371134822,
              36.85732375889474
            ],
            [
              127.4601953146623,
              36.83754109584848
            ],
            [
              127.4601953146623,
              36.824349810360395
            ],
            [
              127.4601953146623,
              36.811156250464656
            ],
            [
              127.46294111631936,
              36.795760889731376
            ],
            [
              127.46294111631936,
              36.784762308680925
            ],
            [
              127.46843271963344,
              36.77376214882255
            ],
            [
              127.47117852129044,
              36.76055987321796
            ],
            [
              127.47392432294748,
              36.74735532469718
            ],
            [
              127.47667012460454,
              36.7319471457899
            ],
            [
              127.4794159262616,
              36.716535874106796
            ],
            [
              127.48216172791862,
              36.705525929642164
            ],
            [
              127.48216172791862,
              36.69231191398184
            ],
            [
              127.4876533312327,
              36.683501308351225
            ],
            [
              127.49039913288976,
              36.67468969334306
            ],
            [
              127.49314493454679,
              36.661470378451014
            ],
            [
              127.50412814117499,
              36.65485986951898
            ],
            [
              127.50687394283202,
              36.64604497467533
            ],
            [
              127.51236554614607,
              36.639433141392765
            ],
            [
              127.51785714946017,
              36.62841215813399
            ],
            [
              127.52334875277425,
              36.6217988115702
            ],
            [
              127.52884035608834,
              36.61298013352364
            ],
            [
              127.53707776105948,
              36.60416044684488
            ],
            [
              127.54256936437356,
              36.59092902584631
            ],
            [
              127.55080676934466,
              36.58210681799703
            ],
            [
              127.56178997597283,
              36.57328360184384
            ],
            [
              127.56728157928694,
              36.56445937748069
            ],
            [
              127.57277318260103,
              36.55563414500172
            ],
            [
              127.5837563892292,
              36.54460118688376
            ],
            [
              127.59199379420029,
              36.53577368648896
            ],
            [
              127.59748539751438,
              36.529152399812894
            ],
            [
              127.60846860414257,
              36.51370052654372
            ],
            [
              127.61396020745666,
              36.504869499230864
            ],
            [
              127.61945181077074,
              36.49824556758377
            ],
            [
              127.62768921574188,
              36.49382929833539
            ],
            [
              127.63867242237,
              36.482787523441566
            ],
            [
              127.64965562899819,
              36.47395297037242
            ],
            [
              127.66063883562637,
              36.46511741015843
            ],
            [
              127.66887624059751,
              36.45849007911648
            ],
            [
              127.67985944722564,
              36.451862181649346
            ],
            [
              127.68809685219678,
              36.443024103990446
            ],
            [
              127.69633425716792,
              36.43639488502144
            ],
            [
              127.70457166213906,
              36.429765099761745
            ],
            [
              127.71280906711014,
              36.42092450525532
            ],
            [
              127.71830067042423,
              36.412082904177566
            ],
            [
              127.73202967870945,
              36.40324029662442
            ],
            [
              127.74301288533763,
              36.39439668269202
            ],
            [
              127.74575868699469,
              36.3811293750426
            ],
            [
              127.75399609196579,
              36.37670643607405
            ],
            [
              127.7622334969369,
              36.36564798826764
            ],
            [
              127.77047090190804,
              36.35901216509439
            ],
            [
              127.77596250522213,
              36.35016352071022
            ],
            [
              127.78145410853621,
              36.34352637736014
            ],
            [
              127.79243731516436,
              36.33246321463683
            ],
            [
              127.80342052179253,
              36.32582456278554
            ],
            [
              127.81440372842073,
              36.32139848065276
            ],
            [
              127.8198953317348,
              36.31033217559748
            ],
            [
              127.82813273670592,
              36.30369163852907
            ],
            [
              127.83362434002,
              36.29262282015475
            ],
            [
              127.84186174499114,
              36.28598077524093
            ],
            [
              127.85559075327636,
              36.27933816496042
            ],
            [
              127.85833655493339,
              36.272694989354484
            ],
            [
              127.86931976156156,
              36.261621773844254
            ],
            [
              127.87755716653267,
              36.25276207099585
            ],
            [
              127.88854037316084,
              36.246116634500275
            ],
            [
              127.89952357978902,
              36.23503965120782
            ],
            [
              127.90501518310313,
              36.228392707819815
            ],
            [
              127.9187441913883,
              36.21731321328535
            ],
            [
              127.92698159635943,
              36.210664763299526
            ],
            [
              127.93796480298761,
              36.20179928459522
            ],
            [
              127.94620220795873,
              36.197366168675124
            ],
            [
              127.95443961292985,
              36.18849918376063
            ],
            [
              127.96267701790097,
              36.1840653147909
            ],
            [
              127.98738923281437,
              36.166327329116896
            ],
            [
              127.99837243944252,
              36.15745683057588
            ],
            [
              128.0093556460707,
              36.150803298005876
            ],
            [
              128.01759305104184,
              36.14414920091293
            ],
            [
              128.03132205932707,
              36.1330577847097
            ],
            [
              128.03955946429815,
              36.126402182427036
            ],
            [
              128.05054267092632,
              36.11752716814968
            ],
            [
              128.06152587755452,
              36.108651150648704
            ],
            [
              128.06976328252563,
              36.09755471814107
            ],
            [
              128.07800068749674,
              36.090896106374565
            ],
            [
              128.08349229081082,
              36.08201707980099
            ],
            [
              128.094475497439,
              36.0709168863739
            ],
            [
              128.10271290241016,
              36.062035603586104
            ],
            [
              128.11369610903827,
              36.05537398353409
            ],
            [
              128.1219335140094,
              36.05093259020807
            ],
            [
              128.1356625222946,
              36.042049051713306
            ],
            [
              128.14389992726575,
              36.03760690656966
            ],
            [
              128.16861214217914,
              36.026500447447226
            ],
            [
              128.1850869521214,
              36.019835820313226
            ],
            [
              128.19607015874954,
              36.01317062948578
            ],
            [
              128.2070533653777,
              36.010948773952116
            ],
            [
              128.226273976977,
              36.00428283159954
            ],
            [
              128.24549458857632,
              35.99983855692064
            ],
            [
              128.26471520017563,
              35.99094925615446
            ],
            [
              128.2784442084608,
              35.988726774428734
            ],
            [
              128.29491901840305,
              35.98205895359464
            ],
            [
              128.30590222503125,
              35.977613426673706
            ],
            [
              128.32237703497347,
              35.97316764934233
            ],
            [
              128.34983505154392,
              35.96427534349882
            ],
            [
              128.36081825817206,
              35.96205211055119
            ],
            [
              128.37729306811434,
              35.95982881501203
            ],
            [
              128.3882762747425,
              35.95315855286126
            ],
            [
              128.40475108468476,
              35.94648772744385
            ],
            [
              128.43770070456924,
              35.93759241743548
            ],
            [
              128.45692131616855,
              35.93092027789598
            ],
            [
              128.4733961261108,
              35.93092027789598
            ],
            [
              128.48987093605305,
              35.926471872020535
            ],
            [
              128.50085414268122,
              35.91979879396555
            ],
            [
              128.51458315096642,
              35.9175743094891
            ],
            [
              128.53380376256573,
              35.91090048070769
            ],
            [
              128.55027857250798,
              35.90645094874268
            ],
            [
              128.56126177913615,
              35.899776181660954
            ],
            [
              128.58048239073545,
              35.89532602420226
            ],
            [
              128.59146559736362,
              35.89087561656849
            ],
            [
              128.60519460564882,
              35.88419953606748
            ],
            [
              128.57689300455957,
              35.89714715053728
            ],
            [
              128.60435102113,
              35.89714715053728
            ],
            [
              128.62082583107224,
              35.88824628985267
            ],
            [
              128.6318090377004,
              35.88379548427184
            ],
            [
              128.6647586575849,
              35.87489312269709
            ],
            [
              128.6977082774694,
              35.86598976065701
            ],
            [
              128.71418308741167,
              35.86153770449447
            ],
            [
              128.7251662940398,
              35.85708539825411
            ],
            [
              128.75262431061026,
              35.85263284194868
            ],
            [
              128.7636075172384,
              35.848180035591135
            ],
            [
              128.78008232718068,
              35.83927367277081
            ],
            [
              128.8075403437511,
              35.83482011633384
            ],
            [
              128.82950675700744,
              35.83482011633384
            ],
            [
              128.85696477357783,
              35.82591225347059
            ],
            [
              128.87343958352008,
              35.82591225347059
            ],
            [
              128.89540599677645,
              35.82591225347059
            ],
            [
              128.92835561666092,
              35.82591225347059
            ],
            [
              128.9503220299173,
              35.82591225347059
            ],
            [
              128.9722884431736,
              35.82145794707007
            ],
            [
              128.99425485642996,
              35.82145794707007
            ],
            [
              129.01622126968627,
              35.82145794707007
            ],
            [
              129.03269607962852,
              35.82145794707007
            ],
            [
              129.05466249288486,
              35.82145794707007
            ],
            [
              129.07113730282714,
              35.82145794707007
            ],
            [
              129.08212050945528,
              35.82591225347059
            ],
            [
              129.09310371608345,
              35.83036630989613
            ],
            [
              129.1095785260257,
              35.83482011633384
            ],
            [
              129.1150701293398,
              35.8437269791942
            ],
            [
              129.13154493928204,
              35.848180035591135
            ],
            [
              129.14252814591023,
              35.85708539825411
            ],
            [
              129.1535113525384,
              35.86598976065701
            ],
            [
              129.1535113525384,
              35.87934442854904
            ],
            [
              129.16449455916654,
              35.88379548427184
            ],
            [
              129.16998616248063,
              35.89714715053728
            ],
            [
              129.1754777657947,
              35.91049656517971
            ],
            [
              129.19195257573696,
              35.92829228158239
            ],
            [
              129.19744417905108,
              35.95053129592348
            ],
            [
              129.19744417905108,
              35.95942514941627
            ],
            [
              127.41626248814961,
              37.081169255552254
            ]
          ]
        ]
      }
    },
    {
      "type": "Feature",
      "properties": {
        "NAME": "1235_1239",
        "name": "전주",
        "color": "#ef4444",
        "fill": "#ef4444",
        "fill-opacity": 0.5,
        "stroke": "#ef4444",
        "stroke-width": 2,
        "originalType": "polyline"
      },
      "geometry": {
        "type": "Polygon",
        "coordinates": [
          [
            [
              127.92879016859267,
              36.993124123722154
            ],
            [
              127.9178069619645,
              36.988736241010756
            ],
            [
              127.90133215202228,
              36.98434810516606
            ],
            [
              127.87936573876593,
              36.97118217894397
            ],
            [
              127.8573993255096,
              36.96679303067773
            ],
            [
              127.84641611888144,
              36.96240362933399
            ],
            [
              127.83543291225325,
              36.9536240674587
            ],
            [
              127.8244497056251,
              36.9492339069495
            ],
            [
              127.81346649899693,
              36.94484349340752
            ],
            [
              127.80797489568285,
              36.93606190727003
            ],
            [
              127.79150008574058,
              36.931670734696944
            ],
            [
              127.76404206917016,
              36.909711077236736
            ],
            [
              127.7475672592279,
              36.90092544365154
            ],
            [
              127.74207565591384,
              36.89213879842938
            ],
            [
              127.73109244928565,
              36.8877450964826
            ],
            [
              127.72010924265749,
              36.878956933974045
            ],
            [
              127.70912603602929,
              36.8745624734349
            ],
            [
              127.69814282940118,
              36.870167760054194
            ],
            [
              127.687159622773,
              36.8613775748134
            ],
            [
              127.68166801945888,
              36.85258637834229
            ],
            [
              127.67617641614481,
              36.84379417073148
            ],
            [
              127.66519320951663,
              36.83500095207174
            ],
            [
              127.65421000288849,
              36.826206722453946
            ],
            [
              127.6487183995744,
              36.81741148196906
            ],
            [
              127.63773519294622,
              36.80861523070817
            ],
            [
              127.63224358963214,
              36.79981796876247
            ],
            [
              127.621260383004,
              36.79541895881131
            ],
            [
              127.621260383004,
              36.78222041318187
            ],
            [
              127.61027717637583,
              36.773420119729884
            ],
            [
              127.59929396974763,
              36.764618815958855
            ],
            [
              127.59380236643354,
              36.751414966154826
            ],
            [
              127.58831076311947,
              36.74261113698776
            ],
            [
              127.57183595317723,
              36.7294034995205
            ],
            [
              127.56085274654906,
              36.72059714553221
            ],
            [
              127.55536114323496,
              36.70738572126525
            ],
            [
              127.54986953992088,
              36.6985768430323
            ],
            [
              127.54437793660682,
              36.689766955263316
            ],
            [
              127.53339472997865,
              36.68536163283169
            ],
            [
              127.52790312666455,
              36.67214415148762
            ],
            [
              127.52241152335046,
              36.65010996977963
            ],
            [
              127.51691992003637,
              36.636886433585644
            ],
            [
              127.50593671340819,
              36.6104325515356
            ],
            [
              127.49495350678008,
              36.597202206310435
            ],
            [
              127.48946190346597,
              36.583969592039985
            ],
            [
              127.48946190346597,
              36.57073470904102
            ],
            [
              127.47847869683778,
              36.56191019346033
            ],
            [
              127.47298709352371,
              36.544258138127454
            ],
            [
              127.45651228358146,
              36.52660205119481
            ],
            [
              127.4400374736392,
              36.50894193341863
            ],
            [
              127.4400374736392,
              36.49569420030132
            ],
            [
              127.4400374736392,
              36.48244420058121
            ],
            [
              127.42905426701103,
              36.47360960836914
            ],
            [
              127.41807106038287,
              36.45593740261681
            ],
            [
              127.40159625044062,
              36.425001351112705
            ],
            [
              127.39610464712652,
              36.40731807074727
            ],
            [
              127.38512144049835,
              36.38963076468747
            ],
            [
              127.3796298371843,
              36.380785602262584
            ],
            [
              127.36864663055611,
              36.371939433702785
            ],
            [
              127.35766342392793,
              36.3498196110962
            ],
            [
              127.35217182061385,
              36.336544700044996
            ],
            [
              127.34668021729975,
              36.318841298919374
            ],
            [
              127.3411886139857,
              36.30998809012171
            ],
            [
              127.33020540735752,
              36.296706391905055
            ],
            [
              127.33020540735752,
              36.28342243195615
            ],
            [
              127.32471380404344,
              36.26570696767631
            ],
            [
              127.31922220072936,
              36.256847728178435
            ],
            [
              127.31373059741527,
              36.2346952337579
            ],
            [
              127.30274739078712,
              36.21253646102625
            ],
            [
              127.30274739078712,
              36.18150363456448
            ],
            [
              127.30274739078712,
              36.16376506893673
            ],
            [
              127.29725578747303,
              36.1371496926849
            ],
            [
              127.28078097753075,
              36.11496331368729
            ],
            [
              127.26979777090258,
              36.08833138267018
            ],
            [
              127.26979777090258,
              36.07501203222079
            ],
            [
              127.2643061675885,
              36.06169042559403
            ],
            [
              127.25332296096035,
              36.04836656312802
            ],
            [
              127.25332296096035,
              36.0350404451614
            ],
            [
              127.24783135764629,
              36.02615511362861
            ],
            [
              127.2368481510181,
              36.003937400421115
            ],
            [
              127.23135654770401,
              35.98615872104383
            ],
            [
              127.23135654770401,
              35.972822081901384
            ],
            [
              127.23135654770401,
              35.95948318918763
            ],
            [
              127.22586494438993,
              35.95058934223009
            ],
            [
              127.22037334107586,
              35.93279864441585
            ],
            [
              127.21488173776177,
              35.923901793762646
            ],
            [
              127.20939013444767,
              35.9150039420811
            ],
            [
              127.20939013444767,
              35.90165528785395
            ],
            [
              127.2038985311336,
              35.88830438188729
            ],
            [
              127.19840692781952,
              35.87940252711354
            ],
            [
              127.1929153245054,
              35.85714351314045
            ],
            [
              127.18193211787728,
              35.84378510387166
            ],
            [
              127.18193211787728,
              35.84378510387166
            ],
            [
              127.92879016859267,
              36.993124123722154
            ]
          ]
        ]
      }
    },
    {
      "type": "Feature",
      "properties": {
        "NAME": "1235_1239",
        "name": "합천",
        "color": "#ef4444",
        "fill": "#ef4444",
        "fill-opacity": 0.5,
        "stroke": "#ef4444",
        "stroke-width": 2,
        "originalType": "polyline"
      },
      "geometry": {
        "type": "Polygon",
        "coordinates": [
          [
            [
              127.93529391725451,
              36.98907989570739
            ],
            [
              127.93529391725451,
              36.97591478828823
            ],
            [
              127.93803971891155,
              36.971525912932236
            ],
            [
              127.93803971891155,
              36.96494212535888
            ],
            [
              127.93803971891155,
              36.95835776837174
            ],
            [
              127.94353132222564,
              36.951772842008545
            ],
            [
              127.94902292553972,
              36.94079669955894
            ],
            [
              127.94902292553972,
              36.929818975789026
            ],
            [
              127.95176872719678,
              36.92542744355059
            ],
            [
              127.95451452885384,
              36.918839670874
            ],
            [
              127.95726033051086,
              36.914447506226644
            ],
            [
              127.96000613216792,
              36.90346598800334
            ],
            [
              127.96275193382495,
              36.89687631831081
            ],
            [
              127.965497735482,
              36.89028607959583
            ],
            [
              127.96824353713903,
              36.88589227101439
            ],
            [
              127.96824353713903,
              36.879301084013264
            ],
            [
              127.97098933879609,
              36.874906643276354
            ],
            [
              127.97098933879609,
              36.86831450809498
            ],
            [
              127.97648094211014,
              36.861721804056295
            ],
            [
              127.97648094211014,
              36.8551285311986
            ],
            [
              127.97648094211014,
              36.84853468956003
            ],
            [
              127.97922674376719,
              36.84413847916387
            ],
            [
              127.97922674376719,
              36.837543689642374
            ],
            [
              127.97922674376719,
              36.82874975234228
            ],
            [
              127.98197254542424,
              36.82435240460155
            ],
            [
              127.98197254542424,
              36.81775590915907
            ],
            [
              127.98197254542424,
              36.81115884515302
            ],
            [
              127.98746414873831,
              36.808959697476894
            ],
            [
              127.98746414873831,
              36.80236187544602
            ],
            [
              127.99020995039535,
              36.79576348494145
            ],
            [
              127.99295575205241,
              36.786964746709494
            ],
            [
              127.99570155370947,
              36.77816499801757
            ],
            [
              127.9984473553665,
              36.77376474477774
            ],
            [
              127.9984473553665,
              36.764963480567545
            ],
            [
              128.00668476033763,
              36.75396047967837
            ],
            [
              128.01217636365172,
              36.74515694257779
            ],
            [
              128.01766796696577,
              36.7297483223365
            ],
            [
              128.02041376862283,
              36.72314368117201
            ],
            [
              128.02315957027986,
              36.718740271499385
            ],
            [
              128.02590537193691,
              36.709932694854906
            ],
            [
              128.03414277690806,
              36.703326349780184
            ],
            [
              128.03963438022214,
              36.69451700629961
            ],
            [
              128.04238018187917,
              36.68790933620405
            ],
            [
              128.04238018187917,
              36.67909822617082
            ],
            [
              128.04238018187917,
              36.67248923126724
            ],
            [
              128.04787178519328,
              36.66147297820369
            ],
            [
              128.0506175868503,
              36.65706603546699
            ],
            [
              128.05610919016434,
              36.64825139318113
            ],
            [
              128.06160079347845,
              36.637231671420366
            ],
            [
              128.06434659513548,
              36.62621037327032
            ],
            [
              128.06709239679253,
              36.61959683778922
            ],
            [
              128.07532980176364,
              36.61298273491306
            ],
            [
              128.0780756034207,
              36.60857301779561
            ],
            [
              128.08082140507776,
              36.60416304853182
            ],
            [
              128.0835672067348,
              36.599752827133344
            ],
            [
              128.0890588100489,
              36.588726170625094
            ],
            [
              128.09180461170595,
              36.582109420427585
            ],
            [
              128.09729621502,
              36.575492103059084
            ],
            [
              128.09729621502,
              36.56887421855926
            ],
            [
              128.1027878183341,
              36.56225576696781
            ],
            [
              128.1027878183341,
              36.5556367483244
            ],
            [
              128.10827942164818,
              36.54460379057809
            ],
            [
              128.11102522330523,
              36.53577629048058
            ],
            [
              128.11377102496226,
              36.52915500402746
            ],
            [
              128.11926262827635,
              36.526947782573835
            ],
            [
              128.1220084299334,
              36.522533150721586
            ],
            [
              128.12475423159046,
              36.515910730602855
            ],
            [
              128.1275000332475,
              36.50928774371124
            ],
            [
              128.13024583490454,
              36.50487210426275
            ],
            [
              128.13573743821857,
              36.50045621294485
            ],
            [
              128.13848323987563,
              36.49604006976934
            ],
            [
              128.13848323987563,
              36.487207027893206
            ],
            [
              128.14122904153268,
              36.482790129216305
            ],
            [
              128.1439748431897,
              36.47837297872934
            ],
            [
              128.14672064484674,
              36.473955576444276
            ],
            [
              128.15221224816085,
              36.46953792237299
            ],
            [
              128.15495804981788,
              36.465120016527344
            ],
            [
              128.16319545478902,
              36.45849268570814
            ],
            [
              128.16594125644605,
              36.451864788463794
            ],
            [
              128.1686870581031,
              36.447445875640184
            ],
            [
              128.17417866141722,
              36.44302671110188
            ],
            [
              128.17692446307422,
              36.43860729486089
            ],
            [
              128.17967026473127,
              36.434187626929145
            ],
            [
              128.17967026473127,
              36.42755765313755
            ],
            [
              128.18516186804536,
              36.42534753604129
            ],
            [
              128.18790766970238,
              36.42092711310912
            ],
            [
              128.18790766970238,
              36.412085512328275
            ],
            [
              128.19065347135944,
              36.40324290507199
            ],
            [
              128.19614507467352,
              36.40103209600742
            ],
            [
              128.19889087633058,
              36.3966102891881
            ],
            [
              128.2016366779876,
              36.39218823079199
            ],
            [
              128.20712828130172,
              36.38776592083111
            ],
            [
              128.20987408295875,
              36.381131984232184
            ],
            [
              128.2126198846158,
              36.37670904541203
            ],
            [
              128.2126198846158,
              36.37007416558066
            ],
            [
              128.21536568627278,
              36.359014775025834
            ],
            [
              128.2208572895869,
              36.35680270830309
            ],
            [
              128.2208572895869,
              36.35016613093837
            ],
            [
              128.2208572895869,
              36.34352898781083
            ],
            [
              128.22360309124392,
              36.33910391143323
            ],
            [
              128.22909469455803,
              36.330253004430425
            ],
            [
              128.22909469455803,
              36.32361416425941
            ],
            [
              128.23184049621506,
              36.31697475848906
            ],
            [
              128.23458629787208,
              36.31033478716039
            ],
            [
              128.23733209952914,
              36.29926691159438
            ],
            [
              128.2400779011862,
              36.292625432310714
            ],
            [
              128.2400779011862,
              36.28598338761924
            ],
            [
              128.24282370284322,
              36.27491205678345
            ],
            [
              128.24282370284322,
              36.26605386150954
            ],
            [
              128.24556950450028,
              36.25276468448575
            ],
            [
              128.2510611078144,
              36.24390397720392
            ],
            [
              128.2538069094714,
              36.23504226529037
            ],
            [
              128.2538069094714,
              36.22617954884315
            ],
            [
              128.2538069094714,
              36.21509974080828
            ],
            [
              128.25655271112842,
              36.204018363535056
            ],
            [
              128.25655271112842,
              36.19071863968344
            ],
            [
              128.25929851278548,
              36.18185090204322
            ],
            [
              128.26479011609956,
              36.16854741322104
            ],
            [
              128.26479011609956,
              36.15967716590927
            ],
            [
              128.26753591775662,
              36.150805914902044
            ],
            [
              128.26753591775662,
              36.13749715667913
            ],
            [
              128.26753591775662,
              36.1241861406995
            ],
            [
              128.27028171941367,
              36.110872867298745
            ],
            [
              128.27028171941367,
              36.10199609774132
            ],
            [
              128.27028171941367,
              36.093118325134675
            ],
            [
              128.27577332272776,
              36.0886790627191
            ],
            [
              128.2785191243848,
              36.082019698990514
            ],
            [
              128.2785191243848,
              36.075359771173204
            ],
            [
              128.2785191243848,
              36.06869927930931
            ],
            [
              128.2785191243848,
              36.05981774615806
            ],
            [
              128.2785191243848,
              36.050935210432726
            ],
            [
              128.2785191243848,
              36.03983063105911
            ],
            [
              128.2785191243848,
              36.03316713166125
            ],
            [
              128.2785191243848,
              36.024281588816066
            ],
            [
              128.2785191243848,
              36.01317325096691
            ],
            [
              128.2785191243848,
              36.00650749671018
            ],
            [
              128.2785191243848,
              35.99984117884509
            ],
            [
              128.2785191243848,
              35.98650685246013
            ],
            [
              128.2785191243848,
              35.97983884402557
            ],
            [
              128.2785191243848,
              35.968724244571746
            ],
            [
              128.2785191243848,
              35.96205473373135
            ],
            [
              128.2785191243848,
              35.95538465956719
            ],
            [
              128.2785191243848,
              35.94649035114094
            ],
            [
              128.2785191243848,
              35.93759504142788
            ],
            [
              128.2785191243848,
              35.93092290210987
            ],
            [
              128.2785191243848,
              35.91980141854851
            ],
            [
              128.2785191243848,
              35.91090310558593
            ],
            [
              128.2785191243848,
              35.904228714031376
            ],
            [
              128.2785191243848,
              35.895328649597104
            ],
            [
              128.2785191243848,
              35.888652944556135
            ],
            [
              128.2785191243848,
              35.881976676664316
            ],
            [
              128.27577332272776,
              35.877525518729556
            ],
            [
              128.2730275210707,
              35.87084831284903
            ],
            [
              128.2730275210707,
              35.86417054423294
            ],
            [
              128.2730275210707,
              35.85749221292459
            ],
            [
              128.26753591775662,
              35.85526597745324
            ],
            [
              128.26753591775662,
              35.84858689595593
            ],
            [
              128.26479011609956,
              35.84413386240439
            ],
            [
              128.2620443144425,
              35.839680578825245
            ],
            [
              128.25929851278548,
              35.8352270452313
            ],
            [
              128.2538069094714,
              35.83077326163547
            ],
            [
              128.2510611078144,
              35.826319228050615
            ],
            [
              128.24556950450028,
              35.819637708972074
            ],
            [
              128.2400779011862,
              35.81295562749074
            ],
            [
              128.23458629787208,
              35.806272983650175
            ],
            [
              128.23184049621506,
              35.8018175753562
            ],
            [
              128.22634889290097,
              35.7951339943471
            ],
            [
              128.2208572895869,
              35.7906779613145
            ],
            [
              128.21811148792983,
              35.78622167840909
            ],
            [
              128.2126198846158,
              35.78399344325813
            ],
            [
              128.20987408295875,
              35.77730836303164
            ],
            [
              128.2016366779876,
              35.775079878037026
            ],
            [
              128.19614507467352,
              35.76839404831843
            ],
            [
              128.19065347135944,
              35.76393651624332
            ],
            [
              128.18790766970238,
              35.75947873437317
            ],
            [
              128.1824160663883,
              35.755020702721005
            ],
            [
              128.17967026473127,
              35.75056242129978
            ],
            [
              128.17692446307422,
              35.74610389012253
            ],
            [
              128.17417866141722,
              35.74164510920224
            ],
            [
              128.1686870581031,
              35.73718607855195
            ],
            [
              128.1686870581031,
              35.730497064361195
            ],
            [
              128.1607060060593,
              35.72851556686858
            ],
            [
              128.15933310523076,
              35.72517076588103
            ],
            [
              128.15658730357373,
              35.720710812760295
            ],
            [
              128.1538415019167,
              35.715135520264084
            ],
            [
              128.15246860108817,
              35.709559837685816
            ],
            [
              128.15109570025967,
              35.70509901078127
            ],
            [
              128.14972279943112,
              35.698407302385185
            ],
            [
              128.14972279943112,
              35.69171503238126
            ],
            [
              128.14834989860262,
              35.68613771173713
            ],
            [
              128.1469769977741,
              35.67832880772649
            ],
            [
              128.1456040969456,
              35.67163485316414
            ],
            [
              128.14423119611703,
              35.6627087070849
            ],
            [
              128.14423119611703,
              35.65378156301124
            ],
            [
              128.14423119611703,
              35.64596949336216
            ],
            [
              128.14423119611703,
              35.64038897589128
            ],
            [
              128.14423119611703,
              35.63257559667659
            ],
            [
              128.14423119611703,
              35.62699414387582
            ],
            [
              128.14423119611703,
              35.619179455303126
            ],
            [
              128.14423119611703,
              35.619179455303126
            ],
            [
              127.93529391725451,
              36.98907989570739
            ]
          ]
        ]
      }
    },
    {
      "type": "Feature",
      "properties": {
        "NAME": "1235_1239",
        "name": "삼별초",
        "color": "#ef4444",
        "fill": "#ef4444",
        "fill-opacity": 0.5,
        "stroke": "#ef4444",
        "stroke-width": 2,
        "originalType": "polyline"
      },
      "geometry": {
        "type": "Polygon",
        "coordinates": [
          [
            [
              126.51201270050198,
              37.73965204968529
            ],
            [
              126.49553789055976,
              37.735307606991775
            ],
            [
              126.49004628724566,
              37.7222727493025
            ],
            [
              126.47906308061746,
              37.70923559741076
            ],
            [
              126.47357147730341,
              37.687501913434126
            ],
            [
              126.4680798739893,
              37.67880665595687
            ],
            [
              126.46258827067521,
              37.66576185868621
            ],
            [
              126.45709666736117,
              37.644015434430486
            ],
            [
              126.45160506404709,
              37.630964523040326
            ],
            [
              126.44062185741889,
              37.60485582365859
            ],
            [
              126.4351302541048,
              37.591798036217476
            ],
            [
              126.42963865079072,
              37.583091571536556
            ],
            [
              126.41316384084848,
              37.56132095474448
            ],
            [
              126.4076722375344,
              37.55261092620724
            ],
            [
              126.40218063422031,
              37.543899879610265
            ],
            [
              126.38021422096395,
              37.500329378616826
            ],
            [
              126.3692310143358,
              37.47853458781235
            ],
            [
              126.35275620439354,
              37.452372445773776
            ],
            [
              126.34726460107944,
              37.42183837730712
            ],
            [
              126.32529818782314,
              37.40438474548135
            ],
            [
              126.31980658450902,
              37.38692704707552
            ],
            [
              126.31431498119497,
              37.37819667311555
            ],
            [
              126.30882337788086,
              37.35636629168424
            ],
            [
              126.30333177456677,
              37.343265014198124
            ],
            [
              126.29234856793865,
              37.32579308807801
            ],
            [
              126.28136536131045,
              37.30394746616083
            ],
            [
              126.27587375799637,
              37.277724340692345
            ],
            [
              126.27038215468228,
              37.24711914413447
            ],
            [
              126.25939894805408,
              37.22525067587848
            ],
            [
              126.24841574142597,
              37.216501512427364
            ],
            [
              126.23194093148368,
              37.19024793354311
            ],
            [
              126.22644932816962,
              37.18149471135976
            ],
            [
              126.21546612154147,
              37.16398522368028
            ],
            [
              126.1989913115992,
              37.14647167882973
            ],
            [
              126.1934997082851,
              37.13333385809231
            ],
            [
              126.18800810497102,
              37.12457404343114
            ],
            [
              126.17702489834285,
              37.11581321486964
            ],
            [
              126.17153329502878,
              37.10267007115566
            ],
            [
              126.16055008840061,
              37.08075976337168
            ],
            [
              126.14407527845833,
              37.06761053822802
            ],
            [
              126.1330920718302,
              37.05884312145171
            ],
            [
              126.12210886520201,
              37.04130524826276
            ],
            [
              126.11112565857384,
              37.02814918403712
            ],
            [
              126.10014245194564,
              37.00621734581511
            ],
            [
              126.07817603868935,
              36.97989078521179
            ],
            [
              126.05620962543298,
              36.95794502406039
            ],
            [
              126.05071802211894,
              36.93599293653488
            ],
            [
              126.04522641880484,
              36.92281864794208
            ],
            [
              126.03424321217666,
              36.914034524034896
            ],
            [
              126.02875160886258,
              36.905249388356324
            ],
            [
              126.0232600055485,
              36.89646324099646
            ],
            [
              126.0232600055485,
              36.8832821232513
            ],
            [
              126.01227679892035,
              36.87009872973059
            ],
            [
              126.00678519560626,
              36.856913060739465
            ],
            [
              126.00129359229219,
              36.848121350746126
            ],
            [
              125.990310385664,
              36.8305348975694
            ],
            [
              125.990310385664,
              36.81734240400347
            ],
            [
              125.98481878234989,
              36.80414763619316
            ],
            [
              125.98481878234989,
              36.7909505944463
            ],
            [
              125.98481878234989,
              36.777751279071296
            ],
            [
              125.98481878234989,
              36.76454969037705
            ],
            [
              125.98481878234989,
              36.751345828672996
            ],
            [
              125.98481878234989,
              36.733737144477125
            ],
            [
              125.98941295532482,
              36.71978337218259
            ],
            [
              125.98941295532482,
              36.69335797211132
            ],
            [
              125.98941295532482,
              36.675735991170264
            ],
            [
              125.98941295532482,
              36.658109973046315
            ],
            [
              125.98941295532482,
              36.622845828225564
            ],
            [
              125.98941295532482,
              36.57874295132625
            ],
            [
              125.98941295532482,
              36.561094742032765
            ],
            [
              125.98941295532482,
              36.52578622724208
            ],
            [
              126.00039616195298,
              36.508125923255726
            ],
            [
              126.00039616195298,
              36.49046158921886
            ],
            [
              126.00039616195298,
              36.47279322589116
            ],
            [
              126.00039616195298,
              36.43744441441072
            ],
            [
              126.00039616195298,
              36.419763967785926
            ],
            [
              126.00039616195298,
              36.40207949492624
            ],
            [
              126.00039616195298,
              36.38439099659992
            ],
            [
              126.00039616195298,
              36.36669847357693
            ],
            [
              126.00039616195298,
              36.322449563039775
            ],
            [
              126.00039616195298,
              36.2693176900675
            ],
            [
              126.00039616195298,
              36.25159902540209
            ],
            [
              126.00039616195298,
              36.22501349327272
            ],
            [
              125.98941295532482,
              36.18068418592026
            ],
            [
              125.98941295532482,
              36.145202668712535
            ],
            [
              125.98941295532482,
              36.12745588851035
            ],
            [
              125.98941295532482,
              36.10082819344397
            ],
            [
              125.98941295532482,
              36.07419147105348
            ],
            [
              125.98941295532482,
              36.02089095510297
            ],
            [
              125.98941295532482,
              35.99422716696614
            ],
            [
              125.98941295532482,
              35.94976748480383
            ],
            [
              125.98941295532482,
              35.9230796588051
            ],
            [
              125.98941295532482,
              35.89638282363725
            ],
            [
              125.98941295532482,
              35.87857992979237
            ],
            [
              125.98941295532482,
              35.842962136829975
            ],
            [
              125.98941295532482,
              35.816238290730304
            ],
            [
              125.98941295532482,
              35.789505446541085
            ],
            [
              125.98941295532482,
              35.753847662087225
            ],
            [
              125.98941295532482,
              35.7270938332279
            ],
            [
              125.96744654206849,
              35.691408079403786
            ],
            [
              125.96744654206849,
              35.66463328118576
            ],
            [
              125.95646333544029,
              35.63784950081453
            ],
            [
              125.95646333544029,
              35.61105674113173
            ],
            [
              125.94548012881216,
              35.59318991424399
            ],
            [
              125.94548012881216,
              35.57531909866454
            ],
            [
              125.94548012881216,
              35.55744429524178
            ],
            [
              125.94548012881216,
              35.53956550482602
            ],
            [
              125.93449692218398,
              35.5216827282692
            ],
            [
              125.93449692218398,
              35.503795966424995
            ],
            [
              125.93449692218398,
              35.485905220148936
            ],
            [
              125.93449692218398,
              35.46801049029813
            ],
            [
              125.93449692218398,
              35.45011177773156
            ],
            [
              125.93449692218398,
              35.432209083309914
            ],
            [
              125.93449692218398,
              35.414302407895626
            ],
            [
              125.93449692218398,
              35.3963917523529
            ],
            [
              125.93449692218398,
              35.378477117547625
            ],
            [
              125.93449692218398,
              35.36055850434751
            ],
            [
              125.93449692218398,
              35.333673126959305
            ],
            [
              125.93449692218398,
              35.30677880308105
            ],
            [
              125.94548012881216,
              35.288844285013276
            ],
            [
              125.94548012881216,
              35.27090579291527
            ],
            [
              125.94548012881216,
              35.252963327665256
            ],
            [
              125.94548012881216,
              35.22604218205548
            ],
            [
              125.94548012881216,
              35.20808978777892
            ],
            [
              125.95646333544029,
              35.19013342343774
            ],
            [
              125.95646333544029,
              35.16319143499365
            ],
            [
              125.95646333544029,
              35.14522514937142
            ],
            [
              125.96744654206849,
              35.13624051889622
            ],
            [
              125.96744654206849,
              35.10029208183706
            ],
            [
              125.98941295532482,
              35.07332034625694
            ],
            [
              125.98941295532482,
              35.04633969308076
            ],
            [
              126.00039616195298,
              35.03734416085858
            ],
            [
              126.00039616195298,
              35.019350125344985
            ],
            [
              126.00039616195298,
              35.00135212915822
            ],
            [
              126.01137936858116,
              34.992351646095024
            ],
            [
              126.01137936858116,
              34.96534425838516
            ],
            [
              126.03334578183747,
              34.93832796527867
            ],
            [
              126.04432898846564,
              34.91130276984769
            ],
            [
              126.05531219509383,
              34.89328102867905
            ],
            [
              126.05531219509383,
              34.87525533320609
            ],
            [
              126.05531219509383,
              34.857225684345664
            ],
            [
              126.066295401722,
              34.83919208301646
            ],
            [
              126.07727860835016,
              34.8301738004636
            ],
            [
              126.08826181497832,
              34.79409079368713
            ],
            [
              126.0992450216065,
              34.76701817144677
            ],
            [
              126.0992450216065,
              34.74896482161537
            ],
            [
              126.11022822823469,
              34.73090752486427
            ],
            [
              126.11022822823469,
              34.712846282124524
            ],
            [
              126.12121143486281,
              34.70381418130034
            ],
            [
              126.12121143486281,
              34.68574702132718
            ],
            [
              126.13219464149098,
              34.667675917700734
            ],
            [
              126.14317784811918,
              34.649600871358224
            ],
            [
              126.1651442613755,
              34.631521883238676
            ],
            [
              126.1651442613755,
              34.60439601228594
            ],
            [
              126.1651442613755,
              34.57726127763471
            ],
            [
              126.17612746800367,
              34.56821439692495
            ],
            [
              126.18711067463187,
              34.550117682476774
            ],
            [
              126.19809388126,
              34.52296523001266
            ],
            [
              126.20907708788819,
              34.50485867589562
            ],
            [
              126.22006029451636,
              34.49580392345211
            ],
            [
              126.23104350114448,
              34.486748187577646
            ],
            [
              126.24202670777267,
              34.47769146839168
            ],
            [
              126.26399312102902,
              34.45957508056352
            ],
            [
              126.17159728571382,
              34.47859782707375
            ],
            [
              126.18807209565608,
              34.46048163600072
            ],
            [
              126.2100385089124,
              34.44236151306967
            ],
            [
              126.22651331885467,
              34.42423745923997
            ],
            [
              126.24298812879688,
              34.41064183979357
            ],
            [
              126.248479732111,
              34.39704401016344
            ],
            [
              126.27044614536734,
              34.38344397075628
            ],
            [
              126.27593774868144,
              34.37437605036538
            ],
            [
              126.28692095530957,
              34.35170195418443
            ],
            [
              126.28692095530957,
              34.33355826031443
            ],
            [
              126.29790416193777,
              34.324484941404364
            ],
            [
              126.30339576525185,
              34.31541064133943
            ],
            [
              126.31437897188002,
              34.297259098231336
            ],
            [
              126.31437897188002,
              34.27456415251743
            ],
            [
              126.31437897188002,
              34.24732212882784
            ],
            [
              126.31437897188002,
              34.21552861924503
            ],
            [
              126.31987057519412,
              34.18826748743589
            ],
            [
              126.31987057519412,
              34.17008850275789
            ],
            [
              126.31987057519412,
              34.147359264737695
            ],
            [
              126.31987057519412,
              34.129171469787764
            ],
            [
              126.32536217850817,
              34.11097976076926
            ],
            [
              126.32536217850817,
              34.097333410994516
            ],
            [
              126.32536217850817,
              34.0745846044962
            ],
            [
              126.32536217850817,
              34.06093238715718
            ],
            [
              126.32536217850817,
              34.03362135420251
            ],
            [
              126.32536217850817,
              34.01540911264019
            ],
            [
              126.32536217850817,
              33.97897290700077
            ],
            [
              126.33634538513634,
              33.96074894493181
            ],
            [
              126.33634538513634,
              33.94707841078395
            ],
            [
              126.34183698845044,
              33.91517195835939
            ],
            [
              126.34732859176452,
              33.89693433382147
            ],
            [
              126.34732859176452,
              33.87869280799696
            ],
            [
              126.34732859176452,
              33.86500910401973
            ],
            [
              126.34732859176452,
              33.851323206568445
            ],
            [
              126.34732859176452,
              33.82394483296181
            ],
            [
              126.34732859176452,
              33.801122823136396
            ],
            [
              126.35282019507862,
              33.782860832249405
            ],
            [
              126.3583117983927,
              33.769161782990686
            ],
            [
              126.36380340170675,
              33.76002786653787
            ],
            [
              126.36380340170675,
              33.74175711353724
            ],
            [
              126.36380340170675,
              33.72805149420984
            ],
            [
              126.36380340170675,
              33.709773929830156
            ],
            [
              126.36380340170675,
              33.69149247465159
            ],
            [
              126.36380340170675,
              33.67320712970747
            ],
            [
              126.36929500502085,
              33.66406299889676
            ],
            [
              126.36929500502085,
              33.650344980121666
            ],
            [
              126.38576981496311,
              33.63662477466491
            ],
            [
              126.38576981496311,
              33.618327766642146
            ],
            [
              126.38576981496311,
              33.60460246063376
            ],
            [
              126.38576981496311,
              33.590874969406975
            ],
            [
              126.38576981496311,
              33.577145293402054
            ],
            [
              126.39126141827721,
              33.567990962517435
            ],
            [
              126.39675302159128,
              33.55883566094697
            ],
            [
              126.39675302159128,
              33.54510088884152
            ],
            [
              126.40224462490532,
              33.535943161129076
            ],
            [
              126.40773622821943,
              33.52678446318927
            ],
            [
              126.19356369897018,
              34.47859782707375
            ],
            [
              126.2100385089124,
              34.483126260376935
            ],
            [
              126.22651331885467,
              34.48765444786419
            ],
            [
              126.23749652548284,
              34.49218238952059
            ],
            [
              126.248479732111,
              34.49671008533116
            ],
            [
              126.25946293873918,
              34.505764739355236
            ],
            [
              126.27593774868144,
              34.505764739355236
            ],
            [
              126.28692095530957,
              34.51029169753892
            ],
            [
              126.30339576525185,
              34.51481840981715
            ],
            [
              126.31987057519412,
              34.51481840981715
            ],
            [
              126.32536217850817,
              34.523871096597624
            ],
            [
              126.33634538513634,
              34.528397071070145
            ],
            [
              126.35282019507862,
              34.528397071070145
            ],
            [
              126.36380340170675,
              34.5374482821053
            ],
            [
              126.37478660833492,
              34.541973518638194
            ],
            [
              126.38576981496311,
              34.546498509161545
            ],
            [
              126.40224462490532,
              34.55554775212008
            ],
            [
              126.41322783153352,
              34.560072004525615
            ],
            [
              126.42970264147579,
              34.56911977111504
            ],
            [
              126.4516690547321,
              34.591734880604754
            ],
            [
              126.46265226136029,
              34.596257164044275
            ],
            [
              126.50109348455887,
              34.60982253717993
            ],
            [
              126.53953470775744,
              34.62790625405014
            ],
            [
              126.59445074089832,
              34.65050535849146
            ],
            [
              126.65485837735322,
              34.67309830383283
            ],
            [
              126.68780799723771,
              34.69116822432174
            ],
            [
              126.70428280718,
              34.70020170564937
            ],
            [
              126.70977441049408,
              34.713750078665875
            ],
            [
              126.72075761712225,
              34.72729623256218
            ],
            [
              126.73723242706447,
              34.74084016694466
            ],
            [
              126.73723242706447,
              34.75438188142027
            ],
            [
              126.74821563369265,
              34.772434046854436
            ],
            [
              126.74821563369265,
              34.78597058002218
            ],
            [
              126.75919884032082,
              34.79950489197699
            ],
            [
              126.76469044363488,
              34.81754718535503
            ],
            [
              126.77018204694897,
              34.83558552829155
            ],
            [
              126.77567365026306,
              34.84460321805585
            ],
            [
              126.78116525357714,
              34.8671431199066
            ],
            [
              126.78116525357714,
              34.880664096401134
            ],
            [
              126.78116525357714,
              34.89868860553875
            ],
            [
              126.78116525357714,
              34.9167091600973
            ],
            [
              126.78116525357714,
              34.939229290775415
            ],
            [
              126.78116525357714,
              34.95273840182044
            ],
            [
              126.78116525357714,
              34.97074708716116
            ],
            [
              126.78116525357714,
              34.98425100362998
            ],
            [
              126.78116525357714,
              35.01125215552836
            ],
            [
              126.77567365026306,
              35.02474939019366
            ],
            [
              126.77567365026306,
              35.03824439682782
            ],
            [
              126.77018204694897,
              35.04723982993412
            ],
            [
              126.76469044363488,
              35.056234272522474
            ],
            [
              126.76469044363488,
              35.06972407893761
            ],
            [
              126.75370723700674,
              35.08321165605467
            ],
            [
              126.74821563369265,
              35.09220213544663
            ],
            [
              126.73723242706447,
              35.110180120879555
            ],
            [
              126.72624922043629,
              35.119167626696616
            ],
            [
              126.72624922043629,
              35.13264702648342
            ],
            [
              126.74272403037857,
              35.13713966397289
            ],
            [
              126.77018204694897,
              35.13713966397289
            ],
            [
              126.80313166683347,
              35.15510773469474
            ],
            [
              126.83058968340391,
              35.15510773469474
            ],
            [
              126.85804769997432,
              35.15959913249661
            ],
            [
              126.91845533642926,
              35.17307183797095
            ],
            [
              126.94591335299967,
              35.18205240153892
            ],
            [
              126.97886297288419,
              35.191031972912015
            ],
            [
              127.00082938614052,
              35.200010551979375
            ],
            [
              127.02828740271093,
              35.21347655976478
            ],
            [
              127.04476221265317,
              35.217964732753735
            ],
            [
              127.0722202292236,
              35.235914942976855
            ],
            [
              127.08869503916584,
              35.24488855885563
            ],
            [
              127.10516984910811,
              35.253861181765416
            ],
            [
              127.10516984910811,
              35.26731825407251
            ],
            [
              127.12164465905038,
              35.28525754073029
            ],
            [
              127.13262786567853,
              35.31664172976587
            ],
            [
              127.1491026756208,
              35.33008836984267
            ],
            [
              127.15459427893488,
              35.339051554069705
            ],
            [
              127.1765606921912,
              35.36145516512391
            ],
            [
              127.1765606921912,
              35.379373579283815
            ],
            [
              127.18205229550529,
              35.40624374068067
            ],
            [
              127.18205229550529,
              35.424152207118624
            ],
            [
              127.19303550213347,
              35.45100744287323
            ],
            [
              127.19303550213347,
              35.46443170120572
            ],
            [
              127.19303550213347,
              35.47785371935731
            ],
            [
              127.19303550213347,
              35.491273496965384
            ],
            [
              127.19303550213347,
              35.51810632910326
            ],
            [
              127.19303550213347,
              35.54046017325531
            ],
            [
              127.19303550213347,
              35.55386949021534
            ],
            [
              127.19303550213347,
              35.57174509096331
            ],
            [
              127.18754389881937,
              35.58961670403792
            ],
            [
              127.1765606921912,
              35.60748432859028
            ],
            [
              127.1765606921912,
              35.62088242902723
            ],
            [
              127.1765606921912,
              35.6387430716285
            ],
            [
              127.16557748556302,
              35.64320760874181
            ],
            [
              127.16557748556302,
              35.661063262651986
            ],
            [
              127.16557748556302,
              35.67445238344611
            ],
            [
              127.16557748556302,
              35.692301050979616
            ],
            [
              127.16557748556302,
              35.714606269622884
            ],
            [
              127.16557748556302,
              35.73244595089869
            ],
            [
              127.16557748556302,
              35.745823090018185
            ],
            [
              127.16557748556302,
              35.7636557790592
            ],
            [
              127.16557748556302,
              35.78148447139304
            ],
            [
              127.16557748556302,
              35.79930916618956
            ],
            [
              127.16557748556302,
              35.817129862620355
            ],
            [
              127.16557748556302,
              35.83049276051858
            ],
            [
              127.16008588224896,
              35.84385340852292
            ],
            [
              127.16008588224896,
              35.84385340852292
            ],
            [
              126.51201270050198,
              37.73965204968529
            ]
          ]
        ]
      }
    },
    {
      "type": "Feature",
      "properties": {
        "NAME": "1235_1239",
        "name": "삼별초",
        "color": "#ef4444",
        "fill": "#ef4444",
        "fill-opacity": 0.5,
        "stroke": "#ef4444",
        "stroke-width": 2,
        "originalType": "polyline"
      },
      "geometry": {
        "type": "Polygon",
        "coordinates": [
          [
            [
              126.23539921479262,
              34.49483441779031
            ],
            [
              126.25736562804899,
              34.49483441779031
            ],
            [
              126.32601066947502,
              34.49483441779031
            ],
            [
              126.38916410758699,
              34.49483441779031
            ],
            [
              126.4495717440419,
              34.50388927553059
            ],
            [
              126.49075876889754,
              34.51067977339584
            ],
            [
              126.50723357883979,
              34.51294314973339
            ],
            [
              126.51821678546794,
              34.51973290986728
            ],
            [
              126.5401831987243,
              34.52199604027948
            ],
            [
              126.56214961198063,
              34.52425910920568
            ],
            [
              126.57313281860881,
              34.528785062592675
            ],
            [
              126.57862442192288,
              34.53104794704973
            ],
            [
              126.58411602523698,
              34.53331077001336
            ],
            [
              126.59235343020812,
              34.53331077001336
            ],
            [
              126.60333663683623,
              34.53331077001336
            ],
            [
              126.60882824015034,
              34.54009886992516
            ],
            [
              126.61706564512147,
              34.54236144689652
            ],
            [
              126.6253030500926,
              34.54236144689652
            ],
            [
              126.63628625672075,
              34.54236144689652
            ],
            [
              126.65001526500598,
              34.54236144689652
            ],
            [
              126.65550686832006,
              34.54462396236516
            ],
            [
              126.66649007494823,
              34.54462396236516
            ],
            [
              126.67198167826233,
              34.54688641632926
            ],
            [
              126.67747328157638,
              34.54914880878689
            ],
            [
              126.69394809151864,
              34.54914880878689
            ],
            [
              126.70767709980386,
              34.55141113973624
            ],
            [
              126.71591450477496,
              34.55141113973624
            ],
            [
              126.7241519097461,
              34.55141113973624
            ],
            [
              126.73513511637427,
              34.553673409175495
            ],
            [
              126.7433725213454,
              34.553673409175495
            ],
            [
              126.75435572797358,
              34.55593561710272
            ],
            [
              126.76259313294467,
              34.55593561710272
            ],
            [
              126.77357633957287,
              34.55819776351613
            ],
            [
              126.78455954620104,
              34.55819776351613
            ],
            [
              126.79279695117218,
              34.56045984841382
            ],
            [
              126.80103435614328,
              34.56045984841382
            ],
            [
              126.80652595945736,
              34.56272187179399
            ],
            [
              126.8147633644285,
              34.56272187179399
            ],
            [
              126.82849237271373,
              34.56724573399422
            ],
            [
              126.84222138099891,
              34.56724573399422
            ],
            [
              126.85045878597002,
              34.56724573399422
            ],
            [
              126.86144199259822,
              34.56724573399422
            ],
            [
              126.87517100088344,
              34.56950757281059
            ],
            [
              126.89164581082565,
              34.57176935010201
            ],
            [
              126.91086642242496,
              34.57176935010201
            ],
            [
              126.93008703402425,
              34.58081584398113
            ],
            [
              126.94381604230948,
              34.58307731361998
            ],
            [
              126.9657824555658,
              34.58986135331288
            ],
            [
              126.98774886882217,
              34.59438373873653
            ],
            [
              127.00971528207846,
              34.596644839131365
            ],
            [
              127.02344429036368,
              34.603427771025586
            ],
            [
              127.04541070362004,
              34.61247081847181
            ],
            [
              127.07286872019046,
              34.626033542802745
            ],
            [
              127.09208933178972,
              34.63281407378321
            ],
            [
              127.11130994338906,
              34.64411372719374
            ],
            [
              127.13327635664538,
              34.65541184095907
            ],
            [
              127.14700536493058,
              34.659930655313126
            ],
            [
              127.1634801748728,
              34.678003448636474
            ],
            [
              127.1799549848151,
              34.689296942090444
            ],
            [
              127.19093819144327,
              34.702847100673985
            ],
            [
              127.19917559641436,
              34.716395040454465
            ],
            [
              127.20466719972845,
              34.732198165352145
            ],
            [
              127.21290460469959,
              34.74348426203057
            ],
            [
              127.22114200967073,
              34.76379535092799
            ],
            [
              127.22114200967073,
              34.775077130399765
            ],
            [
              127.2266336129848,
              34.78861322992261
            ],
            [
              127.2266336129848,
              34.79763606224576
            ],
            [
              127.2266336129848,
              34.81116845940302
            ],
            [
              127.2266336129848,
              34.82469863462055
            ],
            [
              127.2266336129848,
              34.83597208303909
            ],
            [
              127.22388781132778,
              34.847243987948254
            ],
            [
              127.22388781132778,
              34.85626040039775
            ],
            [
              127.21839620801367,
              34.87203674448776
            ],
            [
              127.21839620801367,
              34.8833037086572
            ],
            [
              127.21290460469959,
              34.901327638775065
            ],
            [
              127.21015880304253,
              34.91033812087375
            ],
            [
              127.21015880304253,
              34.92159983299407
            ],
            [
              127.21015880304253,
              34.93060809014865
            ],
            [
              127.21015880304253,
              34.941867020727614
            ],
            [
              127.21015880304253,
              34.94862163719523
            ],
            [
              127.21015880304253,
              34.9553756971943
            ],
            [
              127.20741300138549,
              34.95987809468744
            ],
            [
              127.20741300138549,
              34.953124405694076
            ],
            [
              127.20741300138549,
              34.944118621377044
            ],
            [
              127.20741300138549,
              34.932859999902774
            ],
            [
              127.20741300138549,
              34.92610408519543
            ],
            [
              127.20741300138549,
              34.91709533355885
            ],
            [
              127.20741300138549,
              34.91033812087375
            ],
            [
              127.20741300138549,
              34.901327638775065
            ],
            [
              127.20741300138549,
              34.89456912837466
            ],
            [
              127.20741300138549,
              34.88781006189096
            ],
            [
              127.20741300138549,
              34.8810504393723
            ],
            [
              127.21015880304253,
              34.87654371547546
            ],
            [
              127.21290460469959,
              34.87203674448776
            ],
            [
              127.21839620801367,
              34.869783166339346
            ],
            [
              127.21839620801367,
              34.86076823609034
            ],
            [
              127.22114200967073,
              34.85400638991573
            ],
            [
              127.22114200967073,
              34.847243987948254
            ],
            [
              127.22388781132778,
              34.84273541122012
            ],
            [
              127.2266336129848,
              34.838226587508885
            ],
            [
              127.2266336129848,
              34.829208199194696
            ],
            [
              127.2266336129848,
              34.82244375973555
            ],
            [
              127.2266336129848,
              34.81567876471031
            ],
            [
              127.2266336129848,
              34.80891321416764
            ],
            [
              127.2266336129848,
              34.802147108156305
            ],
            [
              127.2266336129848,
              34.795380446725034
            ],
            [
              127.2266336129848,
              34.78861322992261
            ],
            [
              127.2266336129848,
              34.781845457797886
            ],
            [
              127.2266336129848,
              34.775077130399765
            ],
            [
              127.22388781132778,
              34.770564603673215
            ],
            [
              127.22114200967073,
              34.766051830194705
            ],
            [
              127.21839620801367,
              34.75702554303983
            ],
            [
              127.21290460469959,
              34.752512029392484
            ],
            [
              127.21015880304253,
              34.74799826905121
            ],
            [
              127.20741300138549,
              34.73897000834511
            ],
            [
              127.20192139807142,
              34.734455508009326
            ],
            [
              127.20192139807142,
              34.7276832950682
            ],
            [
              127.19917559641436,
              34.72316817817038
            ],
            [
              127.19642979475735,
              34.716395040454465
            ],
            [
              127.19093819144327,
              34.71187930708564
            ],
            [
              127.18819238978621,
              34.70736332715395
            ],
            [
              127.18544658812917,
              34.702847100673985
            ],
            [
              127.18270078647213,
              34.69833062766032
            ],
            [
              127.19093819144327,
              34.69833062766032
            ],
            [
              127.19917559641436,
              34.700588894982964
            ],
            [
              127.20466719972845,
              34.705105244731584
            ],
            [
              127.21015880304253,
              34.70736332715395
            ],
            [
              127.22114200967073,
              34.709621347939255
            ],
            [
              127.23487101795595,
              34.709621347939255
            ],
            [
              127.24585422458408,
              34.71187930708564
            ],
            [
              127.2540916295552,
              34.71413720459132
            ],
            [
              127.26782063784044,
              34.71413720459132
            ],
            [
              127.27880384446858,
              34.71413720459132
            ],
            [
              127.2925328527538,
              34.720910527245806
            ],
            [
              127.30626186103902,
              34.720910527245806
            ],
            [
              127.3172450676672,
              34.720910527245806
            ],
            [
              127.32273667098124,
              34.72316817817038
            ],
            [
              127.34195728258057,
              34.72316817817038
            ],
            [
              127.35568629086579,
              34.72316817817038
            ],
            [
              127.36392369583687,
              34.72316817817038
            ],
            [
              127.37216110080801,
              34.72316817817038
            ],
            [
              127.38039850577917,
              34.72316817817038
            ],
            [
              127.38863591075028,
              34.72316817817038
            ],
            [
              127.39961911737842,
              34.72316817817038
            ],
            [
              127.40785652234956,
              34.72316817817038
            ],
            [
              127.41334812566365,
              34.725425767445124
            ],
            [
              127.42158553063479,
              34.725425767445124
            ],
            [
              127.42982293560591,
              34.725425767445124
            ],
            [
              127.43806034057705,
              34.725425767445124
            ],
            [
              127.4490435472052,
              34.725425767445124
            ],
            [
              127.45728095217633,
              34.725425767445124
            ],
            [
              127.46551835714746,
              34.725425767445124
            ],
            [
              127.47375576211859,
              34.725425767445124
            ],
            [
              127.48199316708968,
              34.725425767445124
            ],
            [
              127.49023057206082,
              34.725425767445124
            ],
            [
              127.49846797703196,
              34.725425767445124
            ],
            [
              127.50670538200309,
              34.725425767445124
            ],
            [
              127.50945118366015,
              34.729940761037824
            ],
            [
              127.51768858863127,
              34.729940761037824
            ],
            [
              127.52592599360237,
              34.729940761037824
            ],
            [
              127.5341633985735,
              34.732198165352145
            ],
            [
              127.54240080354462,
              34.732198165352145
            ],
            [
              127.55063820851576,
              34.73897000834511
            ],
            [
              127.56162141514392,
              34.73897000834511
            ],
            [
              127.56985882011503,
              34.74122716602004
            ],
            [
              127.57809622508617,
              34.74348426203057
            ],
            [
              127.59457103502844,
              34.74799826905121
            ],
            [
              127.6000626383425,
              34.75025518005768
            ],
            [
              127.61653744828477,
              34.75928220734874
            ],
            [
              127.63301225822703,
              34.76379535092799
            ],
            [
              127.64399546485518,
              34.77282089788138
            ],
            [
              127.65772447314038,
              34.777333301226506
            ],
            [
              127.66321607645449,
              34.781845457797886
            ],
            [
              127.67694508473971,
              34.795380446725034
            ],
            [
              127.68518248971078,
              34.80440253854248
            ],
            [
              127.69616569633898,
              34.81116845940302
            ],
            [
              127.7098947046242,
              34.8314628888802
            ],
            [
              127.72087791125236,
              34.844989730457975
            ],
            [
              127.72911531622347,
              34.858514349123226
            ],
            [
              127.73735272119461,
              34.87879710831114
            ],
            [
              127.75108172947984,
              34.901327638775065
            ],
            [
              127.76206493610799,
              34.914842991133
            ],
            [
              127.77579394439319,
              34.93736363395706
            ],
            [
              127.78952295267841,
              34.953124405694076
            ],
            [
              127.80050615930656,
              34.97563453790042
            ],
            [
              127.81972677090587,
              34.998138484992225
            ],
            [
              127.82796417587701,
              35.0138875668647
            ],
            [
              127.84443898581922,
              35.02963361655684
            ],
            [
              127.85816799410445,
              35.04762538826902
            ],
            [
              127.86365959741853,
              35.061116616980144
            ],
            [
              127.87738860570376,
              35.07685356650402
            ],
            [
              127.88288020901781,
              35.08809238685508
            ],
            [
              127.89111761398897,
              35.10382413384793
            ],
            [
              127.89660921730305,
              35.112812340662984
            ],
            [
              127.90759242393122,
              35.12853931711904
            ],
            [
              127.9213214322164,
              35.14426325700886
            ],
            [
              127.92406723387346,
              35.15324700193102
            ],
            [
              127.93505044050163,
              35.175702024700136
            ],
            [
              127.93779624215868,
              35.184682297701386
            ],
            [
              127.94054204381574,
              35.19590624362028
            ],
            [
              127.94328784547277,
              35.20263986691104
            ],
            [
              127.9460336471298,
              35.20712863896745
            ],
            [
              127.94877944878685,
              35.21386133181134
            ],
            [
              127.95701685375799,
              35.22956877708177
            ],
            [
              127.95976265541505,
              35.24527318196152
            ],
            [
              127.96525425872909,
              35.25200271031735
            ],
            [
              127.96800006038615,
              35.26097454585955
            ],
            [
              127.9734916637002,
              35.265460091200126
            ],
            [
              127.9734916637002,
              35.27218794363426
            ],
            [
              127.9734916637002,
              35.28115754439762
            ],
            [
              127.97623746535726,
              35.28564197225606
            ],
            [
              127.97623746535726,
              35.29236814835114
            ],
            [
              127.97623746535726,
              35.299093765573986
            ],
            [
              127.97623746535726,
              35.310301885548135
            ],
            [
              127.9734916637002,
              35.314784698775526
            ],
            [
              127.97074586204316,
              35.319267263546834
            ],
            [
              127.97074586204316,
              35.31254332321799
            ],
            [
              127.97074586204316,
              35.30357719988177
            ],
            [
              127.97074586204316,
              35.29685195526612
            ],
            [
              127.97074586204316,
              35.29012615174743
            ],
            [
              127.97074586204316,
              35.28339978937186
            ],
            [
              127.97074586204316,
              35.27667286818577
            ],
            [
              127.96800006038615,
              35.27218794363426
            ],
            [
              127.96525425872909,
              35.265460091200126
            ],
            [
              127.95976265541505,
              35.26097454585955
            ],
            [
              127.95701685375799,
              35.254245762306226
            ],
            [
              127.95427105210094,
              35.24751642014328
            ],
            [
              127.95427105210094,
              35.24078651941717
            ],
            [
              127.94877944878685,
              35.23854309505801
            ],
            [
              127.9460336471298,
              35.234056060174346
            ],
            [
              127.94328784547277,
              35.220593466324864
            ],
            [
              127.94328784547277,
              35.21386133181134
            ],
            [
              127.93779624215868,
              35.21161716289776
            ],
            [
              127.93505044050163,
              35.204884283954144
            ],
            [
              127.93230463884457,
              35.200395387839876
            ],
            [
              127.92681303553049,
              35.193661578475314
            ],
            [
              127.92406723387346,
              35.189172062123696
            ],
            [
              127.92406723387346,
              35.18243732246803
            ],
            [
              127.91582982890236,
              35.17345680142729
            ],
            [
              127.91308402724532,
              35.16896616886675
            ],
            [
              127.91308402724532,
              35.162229755014785
            ],
            [
              127.91308402724532,
              35.15549278319117
            ],
            [
              127.91033822558828,
              35.146509286218155
            ],
            [
              127.90484662227416,
              35.13752479749028
            ],
            [
              127.90484662227416,
              35.13078578017233
            ],
            [
              127.90210082061714,
              35.12629279209501
            ],
            [
              127.89935501896011,
              35.12179955614168
            ],
            [
              127.893863415646,
              35.11730607232636
            ],
            [
              127.89111761398897,
              35.108318361165516
            ],
            [
              127.88288020901781,
              35.10157692726098
            ],
            [
              127.87738860570376,
              35.09258748143286
            ],
            [
              127.86915120073265,
              35.09033996511448
            ],
            [
              127.8609137957615,
              35.08359704452024
            ],
            [
              127.85816799410445,
              35.07685356650402
            ],
            [
              127.84993058913334,
              35.072357604837755
            ],
            [
              127.84443898581922,
              35.067861395463424
            ],
            [
              127.8416931841622,
              35.063364938395154
            ],
            [
              127.83620158084813,
              35.05886823364694
            ],
            [
              127.8334557791911,
              35.054371281232854
            ],
            [
              127.82796417587701,
              35.04987408116698
            ],
            [
              127.82247257256293,
              35.045376633463384
            ],
            [
              127.81698096924882,
              35.03413193088162
            ],
            [
              127.81423516759176,
              35.02738436655317
            ],
            [
              127.8087435642777,
              35.020636245198304
            ],
            [
              127.80599776262065,
              35.0138875668647
            ],
            [
              127.80325196096359,
              35.00488846275753
            ],
            [
              127.79501455599251,
              34.991387950407194
            ],
            [
              127.79226875433547,
              34.98688728469646
            ],
            [
              127.78952295267841,
              34.97788521096901
            ],
            [
              127.78403134936434,
              34.97338380298068
            ],
            [
              127.7812855477073,
              34.96212920067683
            ],
            [
              127.77853974605024,
              34.953124405694076
            ],
            [
              127.77579394439319,
              34.946370160200175
            ],
            [
              127.77304814273616,
              34.941867020727614
            ],
            [
              127.7703023410791,
              34.932859999902774
            ],
            [
              127.7703023410791,
              34.92610408519543
            ],
            [
              127.76755653942207,
              34.92159983299407
            ],
            [
              127.76206493610799,
              34.91709533355885
            ],
            [
              127.75931913445098,
              34.91033812087375
            ],
            [
              127.75657333279392,
              34.8968220269642
            ],
            [
              127.75382753113688,
              34.89231616799806
            ],
            [
              127.75108172947984,
              34.8833037086572
            ],
            [
              127.74559012616575,
              34.87654371547546
            ],
            [
              127.74009852285167,
              34.869783166339346
            ],
            [
              127.73735272119461,
              34.858514349123226
            ],
            [
              127.73186111788053,
              34.85400638991573
            ],
            [
              127.73186111788053,
              34.847243987948254
            ],
            [
              127.72911531622347,
              34.84048103023648
            ],
            [
              127.72362371290939,
              34.83597208303909
            ],
            [
              127.71813210959535,
              34.829208199194696
            ],
            [
              127.7153863079383,
              34.82469863462055
            ],
            [
              127.7153863079383,
              34.817933824778606
            ],
            [
              127.7098947046242,
              34.813423642917826
            ],
            [
              127.70714890296715,
              34.80665790721354
            ],
            [
              127.70440310131012,
              34.802147108156305
            ],
            [
              127.7100812140599,
              34.806653250422976
            ],
            [
              127.71831861903104,
              34.8089085575045
            ],
            [
              127.7210644206881,
              34.813418986509596
            ],
            [
              127.72655602400215,
              34.815674108429505
            ],
            [
              127.73479342897326,
              34.82243910383712
            ],
            [
              127.74303083394439,
              34.82694879213069
            ],
            [
              127.75126823891553,
              34.83145823349163
            ],
            [
              127.75675984222961,
              34.83371286156783
            ],
            [
              127.76499724720075,
              34.83822193250274
            ],
            [
              127.77048885051484,
              34.84047637535784
            ],
            [
              127.77872625548594,
              34.84273075646895
            ],
            [
              127.78696366045708,
              34.847239333452094
            ],
            [
              127.8006926687423,
              34.849493529320505
            ],
            [
              127.81716747868454,
              34.85850969526457
            ],
            [
              127.83364228862679,
              34.86076358235921
            ],
            [
              127.84187969359792,
              34.86301740769372
            ],
            [
              127.85011709856907,
              34.86301740769372
            ],
            [
              127.8611003051972,
              34.86301740769372
            ],
            [
              127.86933771016832,
              34.86301740769372
            ],
            [
              127.88855832176765,
              34.86527117126625
            ],
            [
              127.89954152839579,
              34.869778513118334
            ],
            [
              127.90777893336691,
              34.872032091394296
            ],
            [
              127.9242537433092,
              34.874285607901136
            ],
            [
              127.93523694993733,
              34.87653906263708
            ],
            [
              127.94622015656552,
              34.87879245560031
            ],
            [
              127.95720336319368,
              34.87879245560031
            ],
            [
              127.97093237147891,
              34.88104578678903
            ],
            [
              127.97916977645,
              34.88104578678903
            ],
            [
              127.98740718142113,
              34.885552263835876
            ],
            [
              127.9983903880493,
              34.887805409690365
            ],
            [
              128.01211939633455,
              34.887805409690365
            ],
            [
              128.02035680130564,
              34.887805409690365
            ],
            [
              128.0313400079338,
              34.887805409690365
            ],
            [
              128.04506901621903,
              34.887805409690365
            ],
            [
              128.05330642119017,
              34.887805409690365
            ],
            [
              128.06154382616128,
              34.887805409690365
            ],
            [
              128.0697812311324,
              34.887805409690365
            ],
            [
              128.07801863610354,
              34.887805409690365
            ],
            [
              128.08625604107468,
              34.887805409690365
            ],
            [
              128.09449344604582,
              34.887805409690365
            ],
            [
              128.1027308510169,
              34.887805409690365
            ],
            [
              128.11371405764507,
              34.887805409690365
            ],
            [
              128.12469726427327,
              34.887805409690365
            ],
            [
              128.1274430659303,
              34.8923115160526
            ],
            [
              128.13842627255843,
              34.8923115160526
            ],
            [
              128.14666367752957,
              34.8923115160526
            ],
            [
              128.15764688415774,
              34.8923115160526
            ],
            [
              128.1658842891289,
              34.8923115160526
            ],
            [
              128.17412169410002,
              34.8923115160526
            ],
            [
              128.1933423056993,
              34.896817375273905
            ],
            [
              128.20157971067042,
              34.896817375273905
            ],
            [
              128.2070713139845,
              34.89907021220223
            ],
            [
              128.2153087189556,
              34.90132298733995
            ],
            [
              128.23452933055492,
              34.90808094199158
            ],
            [
              128.24825833884015,
              34.90808094199158
            ],
            [
              128.25924154546829,
              34.91033346994902
            ],
            [
              128.27022475209645,
              34.91258593610689
            ],
            [
              128.2784621570676,
              34.91934296376551
            ],
            [
              128.28669956203873,
              34.91934296376551
            ],
            [
              128.30592017363801,
              34.93060344037249
            ],
            [
              128.32514078523732,
              34.939610708988106
            ],
            [
              128.33337819020846,
              34.94411397236675
            ],
            [
              128.3443613968366,
              34.94861698844028
            ],
            [
              128.35259880180772,
              34.95311975719446
            ],
            [
              128.36632781009294,
              34.9643755969645
            ],
            [
              128.3773110167211,
              34.9666265793988
            ],
            [
              128.38829422334928,
              34.977880563874024
            ],
            [
              128.40476903329153,
              34.98688263811234
            ],
            [
              128.41300643826267,
              34.993633544267176
            ],
            [
              128.41849804157673,
              35.00038389363419
            ],
            [
              128.4239896448908,
              35.00488381719534
            ],
            [
              128.4294812482049,
              35.01388292181356
            ],
            [
              128.43222704986195,
              35.020631600530514
            ],
            [
              128.43771865317603,
              35.031878160638065
            ],
            [
              128.4404644548331,
              35.03862535397257
            ],
            [
              128.44595605814717,
              35.04312317336203
            ],
            [
              128.44595605814717,
              35.05211806927705
            ],
            [
              128.4487018598042,
              35.058863591151976
            ],
            [
              128.4487018598042,
              35.065608555778745
            ],
            [
              128.4541934631183,
              35.07909681309806
            ],
            [
              128.4541934631183,
              35.08584010569583
            ],
            [
              128.45968506643234,
              35.09483029535943
            ],
            [
              128.45968506643234,
              35.103819493910564
            ],
            [
              128.46517666974646,
              35.110560742339054
            ],
            [
              128.4679224714035,
              35.11954820617406
            ],
            [
              128.47615987637462,
              35.13078114177021
            ],
            [
              128.4816514796887,
              35.13527388221352
            ],
            [
              128.49538048797393,
              35.14650464871188
            ],
            [
              128.51185529791616,
              35.15773386559334
            ],
            [
              128.52283850454435,
              35.16447065181564
            ],
            [
              128.53382171117252,
              35.16896153264049
            ],
            [
              128.53931331448655,
              35.17345216545707
            ],
            [
              128.54480491780066,
              35.175697388857955
            ],
            [
              128.5530423227718,
              35.182432687009985
            ],
            [
              128.5585339260859,
              35.18692257571853
            ],
            [
              128.56402552939997,
              35.18916742704978
            ],
            [
              128.56402552939997,
              35.19590160893053
            ],
            [
              128.56951713271408,
              35.1981462121807
            ],
            [
              128.5805003393422,
              35.200390753406246
            ],
            [
              128.5859919426563,
              35.204879649776665
            ],
            [
              128.59422934762742,
              35.204879649776665
            ],
            [
              128.5997209509415,
              35.20712400491805
            ],
            [
              128.60795835591264,
              35.20936829802794
            ],
            [
              128.62168736419784,
              35.21161252910457
            ],
            [
              128.6244331658549,
              35.21610080515116
            ],
            [
              128.632670570826,
              35.21610080515116
            ],
            [
              128.64090797579715,
              35.21610080515116
            ],
            [
              128.65189118242532,
              35.218344850117674
            ],
            [
              128.6656201907105,
              35.218344850117674
            ],
            [
              128.67385759568165,
              35.218344850117674
            ],
            [
              128.68758660396688,
              35.218344850117674
            ],
            [
              128.70131561225205,
              35.218344850117674
            ],
            [
              128.71504462053727,
              35.218344850117674
            ],
            [
              128.7342652321366,
              35.218344850117674
            ],
            [
              128.74799424042178,
              35.218344850117674
            ],
            [
              128.76446905036406,
              35.218344850117674
            ],
            [
              128.77819805864922,
              35.218344850117674
            ],
            [
              128.79192706693445,
              35.218344850117674
            ],
            [
              128.81114767853376,
              35.218344850117674
            ],
            [
              128.83036829013304,
              35.218344850117674
            ],
            [
              128.84409729841826,
              35.218344850117674
            ],
            [
              128.8523347033894,
              35.218344850117674
            ],
            [
              128.86606371167457,
              35.218344850117674
            ],
            [
              128.87704691830274,
              35.218344850117674
            ],
            [
              128.88803012493094,
              35.218344850117674
            ],
            [
              128.89626752990205,
              35.218344850117674
            ],
            [
              128.90999653818727,
              35.218344850117674
            ],
            [
              128.91823394315838,
              35.218344850117674
            ],
            [
              128.9374545547577,
              35.218344850117674
            ],
            [
              128.9511835630429,
              35.218344850117674
            ],
            [
              128.96491257132809,
              35.218344850117674
            ],
            [
              128.97864157961334,
              35.218344850117674
            ],
            [
              128.9923705878985,
              35.218344850117674
            ],
            [
              128.99786219121262,
              35.21610080515116
            ],
            [
              129.00609959618376,
              35.21610080515116
            ],
            [
              129.01159119949784,
              35.21161252910457
            ],
            [
              129.01982860446893,
              35.20936829802794
            ],
            [
              129.02806600944007,
              35.204879649776665
            ],
            [
              129.03355761275412,
              35.20263523260547
            ],
            [
              129.03904921606824,
              35.200390753406246
            ],
            [
              129.04728662103938,
              35.1936569436575
            ],
            [
              129.06101562932454,
              35.19141221636335
            ],
            [
              129.0637614309816,
              35.18692257571853
            ],
            [
              129.06650723263866,
              35.18692257571853
            ],
            [
              126.23539921479262,
              34.49483441779031
            ]
          ]
        ]
      }
    }
  ]
}